"Hotel ID","Hotel","Slug","Publish status","Version","Level","What is off","Offers review notes","Published closing","New closing"
"1553","four seasons shanghai puxi","four-seasons-shanghai-puxi","not generated (no profile yet)","","none","no profile written; why it was skipped is not recorded, check before starting","","",""
"3682","four seasons megeve les chalets","four-seasons-megeve-les-chalets","not generated (no profile yet)","","none","no profile written; why it was skipped is not recorded, check before starting","","",""
"1424","four seasons santa barbara biltmore","four-seasons-santa-barbara-biltmore","not generated (no profile yet)","","none","no profile written; why it was skipped is not recorded, check before starting","","",""
"2543","four seasons aviara residence club","four-seasons-aviara-residence-club","not generated (no profile yet)","","none","no profile written; why it was skipped is not recorded, check before starting","","",""
"6691","villa caldera","villa-caldera","not generated (held)","","none","Held: private Exclusive Home, not bookable online (see docs/held-hotels.md)","","",""
"6204","Mandarin Oriental Al Faisaliah, Riyadh","al-faisaliah-hotel","published","v1","medium","omits credit conditions: credit only covers food and beverage or spa; suites get $200; says ""other perks"", which WhataHotel does not list (wording; goes with any re-voice)","combinable: the hotel page says combinable with the exclusive perks, but the chain page says it is decided per offer (""Generally, yes. Mandarin Oriental Fan Clu","The WhataHotel Preferred Rate brings free daily breakfast for two, free Wi-Fi, a priority upgrade if available at check-in, a $100 hotel credit, and other perks as well.","Priority for an upgrade at check-in when one is available, complimentary breakfast for two each day, complimentary Wi-Fi access, and $100 to spend on food and beverage or at the spa, or $200 for suites: that's what the WhataHotel preferred rate adds at this hotel."
"6202","Emirates Palace Mandarin Oriental, Abu Dhabi","emirates-palace-mandarin-oriental","published","v1","medium","omits credit conditions: credit only covers food and beverage or spa; suites get $200; says ""other perks"", which WhataHotel does not list (wording; goes with any re-voice)","combinable: the hotel page says combinable with the exclusive perks, but the chain page says it is decided per offer (""Generally, yes. Mandarin Oriental Fan Clu","With the WhataHotel Preferred Rate comes free breakfast for two each day, free Wi-Fi, a priority upgrade if available at check-in, a $100 hotel credit, and other perks.","Book through WhataHotel's preferred rate and you'll get a priority upgrade when one is available at check-in, complimentary daily breakfast for two, complimentary Wi-Fi access, and $100 to spend on food and beverage or at the spa, or $200 for suites."
"3105","Four Seasons Hotel Abu Dhabi at Al Maryah Island","four-seasons-abu-dhabi-al-maryah","published","v5","high","says a $100 credit, but WhataHotel now shows conflicting credit amounts (amounts seen: 100, 200); says ""other perks"", which WhataHotel does not list (wording; goes with any re-voice)","credit: the perks table says $100 but WhataHotel also prints $200 as a credit amount; the credit is omitted until it is clear which applies. Excerpts: provides ","With the WhataHotel Preferred Rate, you get free breakfast for two daily, free Wi-Fi, a priority upgrade if available at check-in, a $100 hotel credit, among other perks.","Look for the WhataHotel preferred rate, which brings complimentary Wi-Fi access, free breakfast for two every day, and a priority upgrade when one is available at check-in. The hotel's listed exclusive perks can be combined with this preferred-rate offer, subject to each offer's terms."
"1840","Four Seasons Hotel Alexandria","four-seasons-alexandria","published","v6","high","says a $100 credit, but WhataHotel now shows conflicting credit amounts (amounts seen: 100, 80, 200); says ""other perks"", which WhataHotel does not list (wording; goes with any re-voice)","credit: the perks table says $100 but WhataHotel also prints $80, $200 as a credit amount; the credit is omitted until it is clear which applies. Excerpts: sive","With the WhataHotel Preferred Rate, you get free breakfast for two daily, free Wi-Fi, a priority upgrade if available at check-in, a $100 hotel credit, among other perks.","One more thing: the WhataHotel preferred rate here brings complimentary breakfast for two each day, complimentary Wi-Fi, and priority for a room upgrade at check-in, subject to availability. The hotel's listed exclusive perks can be combined with this preferred-rate offer, subject to each offer's terms."
"7082","Four Seasons Resort AMAALA at Triple Bay","four-seasons-amaala","published","v1","medium","omits credit conditions: suites get $200; says ""other perks"", which WhataHotel does not list (wording; goes with any re-voice)","","With the WhataHotel Preferred Rate, you get free breakfast for two daily, free Wi-Fi, a priority upgrade if available at check-in, a $100 hotel credit, among other perks.","When you reserve with WhataHotel's preferred rate, you also get free Wi-Fi access, priority for an upgrade at check-in when one is available, free daily breakfast for two, and a $100 property credit, or $200 for suites. That preferred-rate offer can also be combined with the hotel's listed exclusive perks, subject to each offer's terms."
"1841","Four Seasons Hotel Amman","four-seasons-amman","published","v3","high","says a $100 credit, but WhataHotel now shows conflicting credit amounts (amounts seen: 100, 80, 200); says ""other perks"", which WhataHotel does not list (wording; goes with any re-voice)","credit: the perks table says $100 but WhataHotel also prints $80, $200 as a credit amount; the credit is omitted until it is clear which applies. Excerpts: sive","With the WhataHotel Preferred Rate, you get free breakfast for two daily, free Wi-Fi, a priority upgrade if available at check-in, a $100 hotel credit, among other perks.","For this property, WhataHotel's preferred rate adds free daily breakfast for two, a priority upgrade when one is available at check-in, and free Wi-Fi. The hotel's listed exclusive perks can be combined with this preferred-rate offer, subject to each offer's terms."
"3133","Four Seasons Resort Anguilla","four-seasons-anguilla","published","v1","high","says a $100 credit, but WhataHotel now shows conflicting credit amounts (amounts seen: 100, 500); says ""other perks"", which WhataHotel does not list (wording; goes with any re-voice)","credit: the perks table says $100 but WhataHotel also prints $500 as a credit amount; the credit is omitted until it is clear which applies. Excerpts: With stay","With the WhataHotel Preferred Rate, you get free breakfast for two daily, free Wi-Fi, a priority upgrade if available at check-in, a $100 hotel credit, among other perks.","Check WhataHotel for preferred rates here, which include complimentary breakfast for two each day, complimentary Wi-Fi, and priority for a room upgrade at check-in, subject to availability. That preferred-rate offer can also be combined with the hotel's listed exclusive perks, subject to each offer's terms."
"3466","Four Seasons Astir Palace Hotel Athens","four-seasons-astir-palace-athens","published","v1","medium","omits credit conditions: suites get $200; says ""other perks"", which WhataHotel does not list (wording; goes with any re-voice)","","With the WhataHotel Preferred Rate, you get free breakfast for two daily, free Wi-Fi, a priority upgrade if available at check-in, a $100 hotel credit, among other perks.","If you book through WhataHotel, the preferred rate comes with complimentary daily breakfast for two, complimentary Wi-Fi access, a priority upgrade when one is available at check-in, and a $100 property credit, or $200 for suites. The hotel's listed exclusive perks can be combined with this preferred-rate offer, subject to each offer's terms."
"1833","Four Seasons Hotel Atlanta","four-seasons-atlanta","published","v1","medium","omits credit conditions: credit is per stay; suites get a higher credit; says ""other perks"", which WhataHotel does not list (wording; goes with any re-voice)","","With the WhataHotel Preferred Rate, you get free breakfast for two daily, free Wi-Fi, a priority upgrade if available at check-in, a $100 hotel credit, among other perks.","With WhataHotel's preferred rate at this hotel, expect a priority upgrade when one is available at check-in, complimentary Wi-Fi access, free daily breakfast for two, and a $100 property credit per stay, with a higher credit for suites. The hotel's listed exclusive perks can be combined with this preferred-rate offer, subject to each offer's terms."
"1544","Four Seasons Hotel Austin","four-seasons-austin","published","v1","medium","omits credit conditions: credit is per stay; suites get a higher credit; says ""other perks"", which WhataHotel does not list (wording; goes with any re-voice)","","With the WhataHotel Preferred Rate, you get free breakfast for two daily, free Wi-Fi, a priority upgrade if available at check-in, a $100 hotel credit, among other perks.","Book through WhataHotel's preferred rate and you'll get priority for an upgrade at check-in when one is available, free Wi-Fi access, complimentary breakfast for two each day, and a $100 property credit per stay, with a higher credit for suites. It can also be combined with the hotel's listed exclusive perks, subject to the terms of each offer."
"2951","Four Seasons Hotel Bahrain Bay","four-seasons-bahrain-bay","published","v3","high","says a $100 credit, but WhataHotel now shows conflicting credit amounts (amounts seen: 100, 250); says ""other perks"", which WhataHotel does not list (wording; goes with any re-voice)","credit: the perks table says $100 but WhataHotel also prints $250 as a credit amount; the credit is omitted until it is clear which applies. Excerpts: Experienc","With the WhataHotel Preferred Rate, you get free breakfast for two daily, free Wi-Fi, a priority upgrade if available at check-in, a $100 hotel credit, among other perks.","One more thing: the WhataHotel preferred rate here brings complimentary breakfast for two each day, a priority upgrade when one is available at check-in, and complimentary Wi-Fi. It can also be combined with the hotel's listed exclusive perks, subject to the terms of each offer."
"2596","Four Seasons Hotel Baku","four-seasons-baku","published","v1","medium","omits credit conditions: credit is per stay; suites get a higher credit; says ""other perks"", which WhataHotel does not list (wording; goes with any re-voice)","","With the WhataHotel Preferred Rate, you get free breakfast for two daily, free Wi-Fi, a priority upgrade if available at check-in, a $100 hotel credit, among other perks.","Free breakfast for two every day, free Wi-Fi, a priority upgrade when one is available at check-in, and a $100 credit at the hotel per stay, with a higher credit for suites: that's what the WhataHotel preferred rate adds at this hotel. The hotel's listed exclusive perks can be combined with this preferred-rate offer, subject to each offer's terms."
"1438","Four Seasons Resort Bali at Jimbaran Bay","four-seasons-bali-jimbaran-bay","published","v1","high","says a $100 credit, but WhataHotel now shows conflicting credit amounts (amounts seen: 100, 750); mentions a priority upgrade, but it is conflict now; says ""other perks"", which WhataHotel does not list (wording; goes with any re-voice)","upgrade: a WhataHotel page describes the upgrade as guaranteed while the perks table says it depends on availability; omitted | credit: the perks table says $100 but WhataHotel also prints $750 as a credit amount; the credit is omitted until it is clear which applies. Excerpts: The Exper","With the WhataHotel Preferred Rate, you get free breakfast for two daily, free Wi-Fi, a priority upgrade if available at check-in, a $100 hotel credit, among other perks.","Check WhataHotel for preferred rates here, which include free breakfast for two every day, and free Wi-Fi access. It can also be combined with the hotel's listed exclusive perks, subject to the terms of each offer."
"996","Four Seasons Resort Bali at Sayan","four-seasons-bali-sayan","published","v1","medium","omits credit conditions: suites get a higher credit; says ""other perks"", which WhataHotel does not list (wording; goes with any re-voice)","","With the WhataHotel Preferred Rate, you get free breakfast for two daily, free Wi-Fi, a priority upgrade if available at check-in, a $100 hotel credit, among other perks.","With WhataHotel's preferred rate at this hotel, expect free breakfast for two every day, a priority upgrade when one is available at check-in, free Wi-Fi access, and a $100 property credit, with a higher credit for suites. It can also be combined with the hotel's listed exclusive perks, subject to the terms of each offer."
"2551","Four Seasons Hotel Baltimore","four-seasons-baltimore","published","v1","medium","omits credit conditions: credit is per stay; suites get a higher credit; says ""other perks"", which WhataHotel does not list (wording; goes with any re-voice)","","With the WhataHotel Preferred Rate, you get free breakfast for two daily, free Wi-Fi, a priority upgrade if available at check-in, a $100 hotel credit, among other perks.","Book through WhataHotel's preferred rate and you'll get free breakfast for two every day, complimentary Wi-Fi access, a priority upgrade when one is available at check-in, and a $100 property credit per stay, with a higher credit for suites. The hotel's listed exclusive perks can be combined with this preferred-rate offer, subject to each offer's terms."
"3937","Four Seasons Bangkok at Chao Phraya River","four-seasons-bangkok","published","v1","medium","omits credit conditions: suites get $200; says ""other perks"", which WhataHotel does not list (wording; goes with any re-voice)","","With the WhataHotel Preferred Rate, you get free breakfast for two daily, free Wi-Fi, a priority upgrade if available at check-in, a $100 hotel credit, among other perks.","Look for the WhataHotel preferred rate, which brings complimentary breakfast for two each day, complimentary Wi-Fi, a priority upgrade when one is available at check-in, and a $100 credit at the hotel, or $200 for suites. It can also be combined with the hotel's listed exclusive perks, subject to the terms of each offer."
"2642","Four Seasons Hotel Beijing","four-seasons-beijing","published","v1","medium","omits credit conditions: credit is per stay; suites get a higher credit; says ""other perks"", which WhataHotel does not list (wording; goes with any re-voice)","","With the WhataHotel Preferred Rate, you get free breakfast for two daily, free Wi-Fi, a priority upgrade if available at check-in, a $100 hotel credit, among other perks.","One more thing: the WhataHotel preferred rate here brings priority for an upgrade at check-in when one is available, free Wi-Fi, free daily breakfast for two, and a $100 property credit per stay, with a higher credit for suites. It can also be combined with the hotel's listed exclusive perks, subject to the terms of each offer."
"1453","Beverly Wilshire, A Four Seasons Hotel","four-seasons-beverly-wilshire","published","v1","high","says a $100 credit, but WhataHotel now shows conflicting credit amounts (amounts seen: 100, 200); says ""other perks"", which WhataHotel does not list (wording; goes with any re-voice)","credit: the perks table says $100 but WhataHotel also prints $200 as a credit amount; the credit is omitted until it is clear which applies. Excerpts: $100 reso","With the WhataHotel Preferred Rate, you get free breakfast for two daily, free Wi-Fi, a priority upgrade if available at check-in, a $100 hotel credit, among other perks.","Check WhataHotel for preferred rates here, which include complimentary Wi-Fi, priority for an upgrade at check-in when one is available, and complimentary daily breakfast for two. The hotel's listed exclusive perks can be combined with this preferred-rate offer, subject to each offer's terms."
"3069","Four Seasons Hotel Bogota","four-seasons-bogota","published","v1","medium","omits credit conditions: suites get $200; says ""other perks"", which WhataHotel does not list (wording; goes with any re-voice)","","With the WhataHotel Preferred Rate, you get free breakfast for two daily, free Wi-Fi, a priority upgrade if available at check-in, a $100 hotel credit, among other perks.","For this property, WhataHotel's preferred rate adds free breakfast for two every day, a priority upgrade when one is available at check-in, complimentary Wi-Fi, and a $100 credit at the hotel, or $200 for suites. That preferred-rate offer can also be combined with the hotel's listed exclusive perks, subject to each offer's terms."
"2280","Four Seasons Resort Bora Bora","four-seasons-bora-bora","published","v1","high","says a $100 credit, but WhataHotel now shows conflicting credit amounts (amounts seen: 100, 500); mentions a priority upgrade, but it is conflict now; says ""other perks"", which WhataHotel does not list (wording; goes with any re-voice)","upgrade: a WhataHotel page describes the upgrade as guaranteed while the perks table says it depends on availability; omitted | credit: the perks table says $100 but WhataHotel also prints $500 as a credit amount; the credit is omitted until it is clear which applies. Excerpts: Receive a","With the WhataHotel Preferred Rate, you get free breakfast for two daily, free Wi-Fi, a priority upgrade if available at check-in, a $100 hotel credit, among other perks.","When you reserve with WhataHotel's preferred rate, you also get free Wi-Fi, and free breakfast for two every day. That preferred-rate offer can also be combined with the hotel's listed exclusive perks, subject to each offer's terms."
"1834","Four Seasons Hotel Boston","four-seasons-boston","published","v1","medium","omits credit conditions: credit is per stay; suites get a higher credit; says ""other perks"", which WhataHotel does not list (wording; goes with any re-voice)","","With the WhataHotel Preferred Rate, you get free breakfast for two daily, free Wi-Fi, a priority upgrade if available at check-in, a $100 hotel credit, among other perks.","With WhataHotel's preferred rate at this hotel, expect free Wi-Fi access, a priority upgrade when one is available at check-in, free breakfast for two every day, and a $100 property credit per stay, with a higher credit for suites. It can also be combined with the hotel's listed exclusive perks, subject to the terms of each offer."
"1324","Four Seasons Hotel Gresham Palace","four-seasons-budapest-gresham-palace","published","v2","medium","omits credit conditions: suites get $200; says ""other perks"", which WhataHotel does not list (wording; goes with any re-voice)","","With the WhataHotel Preferred Rate, you get free breakfast for two daily, free Wi-Fi, a priority upgrade if available at check-in, a $100 hotel credit, among other perks.","Complimentary daily breakfast for two, a priority upgrade when one is available at check-in, complimentary Wi-Fi, and a $100 hotel credit, or $200 for suites: that's what the WhataHotel preferred rate adds at this hotel. The hotel's listed exclusive perks can be combined with this preferred-rate offer, subject to each offer's terms."
"1281","Four Seasons Hotel Buenos Aires","four-seasons-buenos-aires","published","v8","medium","omits credit conditions: credit is per stay; suites get a higher credit; says ""other perks"", which WhataHotel does not list (wording; goes with any re-voice)","","With the WhataHotel Preferred Rate, you get free breakfast for two daily, free Wi-Fi, a priority upgrade if available at check-in, a $100 hotel credit, among other perks.","One more thing: the WhataHotel preferred rate here brings free breakfast for two every day, complimentary Wi-Fi access, priority for an upgrade at check-in when one is available, and a $100 credit at the hotel per stay, with a higher credit for suites. The hotel's listed exclusive perks can be combined with this preferred-rate offer, subject to each offer's terms."
"6554","Four Seasons Cabo San Lucas @ Cabo del Sol","four-seasons-cabo-del-sol","published","v1","medium","omits credit conditions: suites get $200; says ""other perks"", which WhataHotel does not list (wording; goes with any re-voice)","","With the WhataHotel Preferred Rate, you get free breakfast for two daily, free Wi-Fi, a priority upgrade if available at check-in, a $100 hotel credit, among other perks.","Book through WhataHotel's preferred rate and you'll get free breakfast for two every day, free Wi-Fi access, a priority upgrade when one is available at check-in, and a $100 property credit, or $200 for suites. It can also be combined with the hotel's listed exclusive perks, subject to the terms of each offer."
"1137","Four Seasons Cairo at The First Residence","four-seasons-cairo-first-residence","published","v7","high","says a $100 credit, but WhataHotel now shows conflicting credit amounts (amounts seen: 100, 200); says ""other perks"", which WhataHotel does not list (wording; goes with any re-voice)","credit: the perks table says $100 but WhataHotel also prints $200 as a credit amount; the credit is omitted until it is clear which applies. Excerpts: provides ","With the WhataHotel Preferred Rate, you get free breakfast for two daily, free Wi-Fi, a priority upgrade if available at check-in, a $100 hotel credit, among other perks.","Worth knowing: WhataHotel's preferred rate includes priority for an upgrade at check-in when one is available, complimentary daily breakfast for two, and complimentary Wi-Fi access. The hotel's listed exclusive perks can be combined with this preferred-rate offer, subject to each offer's terms."
"1410","Four Seasons Hotel Cairo at Nile Plaza","four-seasons-cairo-nile-plaza","published","v1","high","says a $100 credit, but WhataHotel now shows conflicting credit amounts (amounts seen: 100, 200); says ""other perks"", which WhataHotel does not list (wording; goes with any re-voice)","credit: the perks table says $100 but WhataHotel also prints $200 as a credit amount; the credit is omitted until it is clear which applies. Excerpts: provides ","With the WhataHotel Preferred Rate, you get free breakfast for two daily, free Wi-Fi, a priority upgrade if available at check-in, a $100 hotel credit, among other perks.","If you book through WhataHotel, the preferred rate comes with complimentary Wi-Fi access, complimentary breakfast for two each day, and a priority upgrade when one is available at check-in. It can also be combined with the hotel's listed exclusive perks, subject to the terms of each offer."
"1079","Grand-Hotel du Cap-Ferrat, A Four Seasons Hotel","four-seasons-cap-ferrat","published","v1","medium","omits credit conditions: credit is per stay; suites get $200; says ""other perks"", which WhataHotel does not list (wording; goes with any re-voice)","","With the WhataHotel Preferred Rate, you get free breakfast for two daily, free Wi-Fi, a priority upgrade if available at check-in, a $100 hotel credit, among other perks.","With WhataHotel's preferred rate at this hotel, expect a priority upgrade when one is available at check-in, free breakfast for two every day, complimentary Wi-Fi access, and a $100 hotel credit per stay, or $200 for suites. That preferred-rate offer can also be combined with the hotel's listed exclusive perks, subject to each offer's terms."
"6868","Four Seasons Resort & Residences Cartagena","four-seasons-cartagena","published","v1","medium","omits credit conditions: suites get $200; says ""other perks"", which WhataHotel does not list (wording; goes with any re-voice)","","With the WhataHotel Preferred Rate, you get free breakfast for two daily, free Wi-Fi, a priority upgrade if available at check-in, a $100 hotel credit, among other perks.","For this property, WhataHotel's preferred rate adds complimentary Wi-Fi access, a priority upgrade when one is available at check-in, complimentary breakfast for two each day, and a $100 hotel credit, or $200 for suites. That preferred-rate offer can also be combined with the hotel's listed exclusive perks, subject to each offer's terms."
"3043","Four Seasons Hotel Casa Medina Bogota","four-seasons-casa-medina-bogota","published","v1","medium","omits credit conditions: suites get $200; says ""other perks"", which WhataHotel does not list (wording; goes with any re-voice)","","With the WhataHotel Preferred Rate, you get free breakfast for two daily, free Wi-Fi, a priority upgrade if available at check-in, a $100 hotel credit, among other perks.","When you reserve with WhataHotel's preferred rate, you also get complimentary Wi-Fi access, complimentary breakfast for two each day, priority for an upgrade at check-in when one is available, and a $100 property credit, or $200 for suites. It can also be combined with the hotel's listed exclusive perks, subject to the terms of each offer."
"3040","Four Seasons Hotel Casablanca","four-seasons-casablanca","published","v3","high","says a $100 credit, but WhataHotel now shows conflicting credit amounts (amounts seen: 100, 200); says ""other perks"", which WhataHotel does not list (wording; goes with any re-voice)","credit: the perks table says $100 but WhataHotel also prints $200 as a credit amount; the credit is omitted until it is clear which applies. Excerpts: provides ","With the WhataHotel Preferred Rate, you get free breakfast for two daily, free Wi-Fi, a priority upgrade if available at check-in, a $100 hotel credit, among other perks.","Book through WhataHotel's preferred rate and you'll get priority for an upgrade at check-in when one is available, free breakfast for two every day, and free Wi-Fi. The hotel's listed exclusive perks can be combined with this preferred-rate offer, subject to each offer's terms."
"1389","Four Seasons Resort Chiang Mai","four-seasons-chiang-mai","published","v1","medium","omits credit conditions: suites get $200; says ""other perks"", which WhataHotel does not list (wording; goes with any re-voice)","","With the WhataHotel Preferred Rate, you get free breakfast for two daily, free Wi-Fi, a priority upgrade if available at check-in, a $100 hotel credit, among other perks.","A priority upgrade when one is available at check-in, free daily breakfast for two, free Wi-Fi, and a $100 hotel credit, or $200 for suites: that's what the WhataHotel preferred rate adds at this hotel. The hotel's listed exclusive perks can be combined with this preferred-rate offer, subject to each offer's terms."
"1835","Four Seasons Hotel Chicago","four-seasons-chicago","published","v1","medium","omits credit conditions: credit is per stay; suites get a higher credit; says ""other perks"", which WhataHotel does not list (wording; goes with any re-voice)","","With the WhataHotel Preferred Rate, you get free breakfast for two daily, free Wi-Fi, a priority upgrade if available at check-in, a $100 hotel credit, among other perks.","If you book through WhataHotel, the preferred rate comes with a priority upgrade when one is available at check-in, complimentary daily breakfast for two, free Wi-Fi, and a $100 property credit per stay, with a higher credit for suites. The hotel's listed exclusive perks can be combined with this preferred-rate offer, subject to each offer's terms."
"1271","Four Seasons Resort Costa Rica","four-seasons-costa-rica","published","v1","high","says a $100 credit, but WhataHotel now shows conflicting credit amounts (amounts seen: 100, 500); says ""other perks"", which WhataHotel does not list (wording; goes with any re-voice)","credit: the perks table says $100 but WhataHotel also prints $500 as a credit amount; the credit is omitted until it is clear which applies. Excerpts: -Receive ","With the WhataHotel Preferred Rate, you get free breakfast for two daily, free Wi-Fi, a priority upgrade if available at check-in, a $100 hotel credit, among other perks.","For this property, WhataHotel's preferred rate adds free Wi-Fi, complimentary daily breakfast for two, and priority for an upgrade at check-in when one is available. That preferred-rate offer can also be combined with the hotel's listed exclusive perks, subject to each offer's terms."
"6591","Four Seasons Hotel Dalian","four-seasons-dalian","published","v1","medium","omits credit conditions: suites get a higher credit; says ""other perks"", which WhataHotel does not list (wording; goes with any re-voice)","","With the WhataHotel Preferred Rate, you get free breakfast for two daily, free Wi-Fi, a priority upgrade if available at check-in, a $100 hotel credit, among other perks.","Check WhataHotel for preferred rates here, which include a priority upgrade when one is available at check-in, free Wi-Fi, free daily breakfast for two, and a $100 hotel credit, with a higher credit for suites. The hotel's listed exclusive perks can be combined with this preferred-rate offer, subject to each offer's terms."
"2561","Four Seasons Danieli","four-seasons-danieli-venice","published","v1","medium","omits credit conditions: suites get $200; says ""other perks"", which WhataHotel does not list (wording; goes with any re-voice)","","With the WhataHotel Preferred Rate, you get free breakfast for two daily, free Wi-Fi, a priority upgrade if available at check-in, a $100 hotel credit, among other perks.","With WhataHotel's preferred rate at this hotel, expect complimentary daily breakfast for two, priority for an upgrade at check-in when one is available, complimentary Wi-Fi access, and a $100 property credit, or $200 for suites. It can also be combined with the hotel's listed exclusive perks, subject to the terms of each offer."
"2425","Four Seasons Hotel Denver","four-seasons-denver","published","v1","high","says a $100 credit, but WhataHotel now shows conflicting credit amounts (amounts seen: 100, 200); says ""other perks"", which WhataHotel does not list (wording; goes with any re-voice)","credit: the perks table says $100 but WhataHotel also prints $200 as a credit amount; the credit is omitted until it is clear which applies. Excerpts: wo per be","With the WhataHotel Preferred Rate, you get free breakfast for two daily, free Wi-Fi, a priority upgrade if available at check-in, a $100 hotel credit, among other perks.","Free breakfast for two every day, complimentary Wi-Fi access, and priority for an upgrade at check-in when one is available: that's what the WhataHotel preferred rate adds at this hotel. That preferred-rate offer can also be combined with the hotel's listed exclusive perks, subject to each offer's terms."
"1552","Four Seasons Hotel des Bergues","four-seasons-des-bergues-geneva","published","v1","medium","omits credit conditions: suites get $200; says ""other perks"", which WhataHotel does not list (wording; goes with any re-voice)","","With the WhataHotel Preferred Rate, you get free breakfast for two daily, free Wi-Fi, a priority upgrade if available at check-in, a $100 hotel credit, among other perks.","If you book through WhataHotel, the preferred rate comes with free Wi-Fi access, complimentary breakfast for two each day, a priority upgrade when one is available at check-in, and a $100 credit at the hotel, or $200 for suites. The hotel's listed exclusive perks can be combined with this preferred-rate offer, subject to each offer's terms."
"1550","Four Seasons Hotel Doha","four-seasons-doha","published","v1","medium","omits credit conditions: suites get a higher credit; says ""other perks"", which WhataHotel does not list (wording; goes with any re-voice)","","With the WhataHotel Preferred Rate, you get free breakfast for two daily, free Wi-Fi, a priority upgrade if available at check-in, a $100 hotel credit, among other perks.","Worth knowing: WhataHotel's preferred rate includes complimentary Wi-Fi access, free breakfast for two every day, a priority upgrade when one is available at check-in, and a $100 hotel credit, with a higher credit for suites. It can also be combined with the hotel's listed exclusive perks, subject to the terms of each offer."
"6436","Four Seasons Doha, The Pearl-Qatar","four-seasons-doha-pearl-qatar","published","v1","medium","omits credit conditions: credit is per stay; suites get a higher credit; says ""other perks"", which WhataHotel does not list (wording; goes with any re-voice)","","With the WhataHotel Preferred Rate, you get free breakfast for two daily, free Wi-Fi, a priority upgrade if available at check-in, a $100 hotel credit, among other perks.","One more thing: the WhataHotel preferred rate here brings complimentary Wi-Fi, complimentary daily breakfast for two, a priority upgrade when one is available at check-in, and a $100 property credit per stay, with a higher credit for suites. It can also be combined with the hotel's listed exclusive perks, subject to the terms of each offer."
"3112","Four Seasons Dubai DIFC","four-seasons-dubai-difc","published","v1","high","says a $100 credit, but WhataHotel now shows conflicting credit amounts (amounts seen: 100, 200); says ""other perks"", which WhataHotel does not list (wording; goes with any re-voice)","credit: the perks table says $100 but WhataHotel also prints $200 as a credit amount; the credit is omitted until it is clear which applies. Excerpts: sive bene","With the WhataHotel Preferred Rate, you get free breakfast for two daily, free Wi-Fi, a priority upgrade if available at check-in, a $100 hotel credit, among other perks.","Book through WhataHotel's preferred rate and you'll get free daily breakfast for two, complimentary Wi-Fi access, and priority consideration for a room upgrade at check-in, subject to availability. The hotel's listed exclusive perks can be combined with this preferred-rate offer, subject to each offer's terms."
"2903","Four Seasons Dubai at Jumeirah Beach","four-seasons-dubai-jumeirah-beach","published","v4","high","says a $100 credit, but WhataHotel now shows conflicting credit amounts (amounts seen: 100, 200); says ""other perks"", which WhataHotel does not list (wording; goes with any re-voice)","credit: the perks table says $100 but WhataHotel also prints $200 as a credit amount; the credit is omitted until it is clear which applies. Excerpts: fits incl","With the WhataHotel Preferred Rate, you get free breakfast for two daily, free Wi-Fi, a priority upgrade if available at check-in, a $100 hotel credit, among other perks.","With WhataHotel's preferred rate at this hotel, expect complimentary Wi-Fi, free breakfast for two every day, and priority for an upgrade at check-in when one is available. That preferred-rate offer can also be combined with the hotel's listed exclusive perks, subject to each offer's terms."
"1927","Four Seasons Hotel Florence","four-seasons-florence","published","v1","medium","omits credit conditions: credit only covers food and beverage or spa; credit is per stay; suites get $200; says ""other perks"", which WhataHotel does not list (wording; goes with any re-voice)","","With the WhataHotel Preferred Rate, you get free breakfast for two daily, free Wi-Fi, a priority upgrade if available at check-in, a $100 hotel credit, among other perks.","Look for the WhataHotel preferred rate, which brings free breakfast for two every day, free Wi-Fi access, a priority upgrade when one is available at check-in, and a $100 food and beverage or spa credit per stay, or $200 for suites. The hotel's listed exclusive perks can be combined with this preferred-rate offer, subject to each offer's terms."
"5035","Four Seasons Hotel and Residences Fort Lauderdale","four-seasons-fort-lauderdale","published","v1","high","says a $100 credit, but WhataHotel now shows conflicting credit amounts (amounts seen: 100, 200); says ""other perks"", which WhataHotel does not list (wording; goes with any re-voice)","credit: the perks table says $100 but WhataHotel also prints $200 as a credit amount; the credit is omitted until it is clear which applies. Excerpts: $200 cred","With the WhataHotel Preferred Rate, you get free breakfast for two daily, free Wi-Fi, a priority upgrade if available at check-in, a $100 hotel credit, among other perks.","Complimentary daily breakfast for two, complimentary Wi-Fi access, and priority for a room upgrade at check-in, subject to availability: that's what the WhataHotel preferred rate adds at this hotel. It can also be combined with the hotel's listed exclusive perks, subject to the terms of each offer."
"1712","Four Seasons Tented Camp Golden Triangle","four-seasons-golden-triangle","published","v1","medium","omits credit conditions: suites get $200; says ""other perks"", which WhataHotel does not list (wording; goes with any re-voice)","","With the WhataHotel Preferred Rate, you get free breakfast for two daily, free Wi-Fi, a priority upgrade if available at check-in, a $100 hotel credit, among other perks.","When you reserve with WhataHotel's preferred rate, you also get complimentary daily breakfast for two, a priority upgrade when one is available at check-in, free Wi-Fi access, and a $100 hotel credit, or $200 for suites. It can also be combined with the hotel's listed exclusive perks, subject to the terms of each offer."
"2594","Four Seasons Hotel Guangzhou","four-seasons-guangzhou","published","v1","medium","omits credit conditions: suites get a higher credit; says ""other perks"", which WhataHotel does not list (wording; goes with any re-voice)","","With the WhataHotel Preferred Rate, you get free breakfast for two daily, free Wi-Fi, a priority upgrade if available at check-in, a $100 hotel credit, among other perks.","Worth knowing: WhataHotel's preferred rate includes free Wi-Fi access, priority for an upgrade at check-in when one is available, complimentary breakfast for two each day, and a $100 hotel credit, with a higher credit for suites. The hotel's listed exclusive perks can be combined with this preferred-rate offer, subject to each offer's terms."
"1315","Four Seasons Hotel Hampshire","four-seasons-hampshire","published","v1","medium","omits credit conditions: suites get $200; says ""other perks"", which WhataHotel does not list (wording; goes with any re-voice)","","With the WhataHotel Preferred Rate, you get free breakfast for two daily, free Wi-Fi, a priority upgrade if available at check-in, a $100 hotel credit, among other perks.","For this property, WhataHotel's preferred rate adds free Wi-Fi, complimentary breakfast for two each day, a priority upgrade when one is available at check-in, and a $100 property credit, or $200 for suites. That preferred-rate offer can also be combined with the hotel's listed exclusive perks, subject to each offer's terms."
"928","Four Seasons Hotel Hangzhou","four-seasons-hangzhou","published","v1","medium","omits credit conditions: suites get a higher credit; says ""other perks"", which WhataHotel does not list (wording; goes with any re-voice)","","With the WhataHotel Preferred Rate, you get free breakfast for two daily, free Wi-Fi, a priority upgrade if available at check-in, a $100 hotel credit, among other perks.","One more thing: the WhataHotel preferred rate here brings priority for an upgrade at check-in when one is available, free Wi-Fi access, free breakfast for two every day, and a $100 hotel credit, with a higher credit for suites. It can also be combined with the hotel's listed exclusive perks, subject to the terms of each offer."
"6689","Four Seasons Hotel Hangzhou at Hangzhou Centre","four-seasons-hangzhou-centre","published","v2","medium","omits credit conditions: suites get a higher credit; says ""other perks"", which WhataHotel does not list (wording; goes with any re-voice)","","With the WhataHotel Preferred Rate, you get free breakfast for two daily, free Wi-Fi, a priority upgrade if available at check-in, a $100 hotel credit, among other perks.","Check WhataHotel for preferred rates here, which include complimentary Wi-Fi, free breakfast for two every day, a priority upgrade when one is available at check-in, and a $100 credit at the hotel, with a higher credit for suites. That preferred-rate offer can also be combined with the hotel's listed exclusive perks, subject to each offer's terms."
"1844","Four Seasons Hotel Hong Kong","four-seasons-hong-kong","published","v1","medium","omits credit conditions: suites get a higher credit; says ""other perks"", which WhataHotel does not list (wording; goes with any re-voice)","","With the WhataHotel Preferred Rate, you get free breakfast for two daily, free Wi-Fi, a priority upgrade if available at check-in, a $100 hotel credit, among other perks.","Book through WhataHotel's preferred rate and you'll get free daily breakfast for two, priority for an upgrade at check-in when one is available, complimentary Wi-Fi, and a $100 hotel credit, with a higher credit for suites. It can also be combined with the hotel's listed exclusive perks, subject to the terms of each offer."
"1546","Four Seasons Hotel Houston","four-seasons-houston","published","v1","medium","omits credit conditions: credit only covers food and beverage or spa; credit is per stay; suites get a higher credit; says ""other perks"", which WhataHotel does not list (wording; goes with any re-voice)","","With the WhataHotel Preferred Rate, you get free breakfast for two daily, free Wi-Fi, a priority upgrade if available at check-in, a $100 hotel credit, among other perks.","When you reserve with WhataHotel's preferred rate, you also get free Wi-Fi access, free breakfast for two every day, a priority upgrade when one is available at check-in, and $100 to spend on food and beverage or at the spa per stay, with a higher credit for suites. It can also be combined with the hotel's listed exclusive perks, subject to the terms of each offer."
"2154","Four Seasons Hualalai","four-seasons-hualalai","published","v1","high","says a $100 credit, but WhataHotel now shows conflicting credit amounts (amounts seen: 100, 200); says ""other perks"", which WhataHotel does not list (wording; goes with any re-voice)","credit: the perks table says $100 but WhataHotel also prints $200 as a credit amount; the credit is omitted until it is clear which applies. Excerpts: A USD 200","With the WhataHotel Preferred Rate, you get free breakfast for two daily, free Wi-Fi, a priority upgrade if available at check-in, a $100 hotel credit, among other perks.","If you book through WhataHotel, the preferred rate comes with complimentary breakfast for two each day, priority for an upgrade at check-in when one is available, and free Wi-Fi. It can also be combined with the hotel's listed exclusive perks, subject to the terms of each offer."
"2173","Four Seasons Hotel Istanbul, Bosphorus","four-seasons-istanbul-bosphorus","published","v3","medium","omits credit conditions: suites get $200; says ""other perks"", which WhataHotel does not list (wording; goes with any re-voice)","","With the WhataHotel Preferred Rate, you get free breakfast for two daily, free Wi-Fi, a priority upgrade if available at check-in, a $100 hotel credit, among other perks.","With WhataHotel's preferred rate at this hotel, expect complimentary breakfast for two each day, a priority upgrade when one is available at check-in, free Wi-Fi, and a $100 credit at the hotel, or $200 for suites. The hotel's listed exclusive perks can be combined with this preferred-rate offer, subject to each offer's terms."
"1095","Four Seasons Istanbul, Sultanahmet","four-seasons-istanbul-sultanahmet","published","v1","medium","omits credit conditions: suites get $200; says ""other perks"", which WhataHotel does not list (wording; goes with any re-voice)","","With the WhataHotel Preferred Rate, you get free breakfast for two daily, free Wi-Fi, a priority upgrade if available at check-in, a $100 hotel credit, among other perks.","For this property, WhataHotel's preferred rate adds a priority upgrade when one is available at check-in, complimentary Wi-Fi access, free daily breakfast for two, and a $100 property credit, or $200 for suites. That preferred-rate offer can also be combined with the hotel's listed exclusive perks, subject to each offer's terms."
"1325","Four Seasons Resort Jackson Hole","four-seasons-jackson-hole","published","v1","medium","omits credit conditions: credit is per stay; suites get a higher credit; says ""other perks"", which WhataHotel does not list (wording; goes with any re-voice)","","With the WhataHotel Preferred Rate, you get free breakfast for two daily, free Wi-Fi, a priority upgrade if available at check-in, a $100 hotel credit, among other perks.","Check WhataHotel for preferred rates here, which include a priority upgrade when one is available at check-in, complimentary Wi-Fi access, complimentary daily breakfast for two, and a $100 credit at the hotel per stay, with a higher credit for suites. It can also be combined with the hotel's listed exclusive perks, subject to the terms of each offer."
"3106","Four Seasons Hotel Jakarta","four-seasons-jakarta","published","v7","high","says a $100 credit, but WhataHotel now shows conflicting credit amounts (amounts seen: 100, 200); says ""other perks"", which WhataHotel does not list (wording; goes with any re-voice)","credit: the perks table says $100 but WhataHotel also prints $200 as a credit amount; the credit is omitted until it is clear which applies. Excerpts: exclusive","With the WhataHotel Preferred Rate, you get free breakfast for two daily, free Wi-Fi, a priority upgrade if available at check-in, a $100 hotel credit, among other perks.","Worth knowing: WhataHotel's preferred rate includes complimentary Wi-Fi access, complimentary breakfast for two each day, and priority for an upgrade at check-in when one is available. The hotel's listed exclusive perks can be combined with this preferred-rate offer, subject to each offer's terms."
"2889","The Westcliff, Four Seasons Hotel Johannesburg","four-seasons-johannesburg-westcliff","published","v2","high","says a $100 credit, but WhataHotel now shows conflicting credit amounts (amounts seen: 100, 200); says ""other perks"", which WhataHotel does not list (wording; goes with any re-voice)","credit: the perks table says $100 but WhataHotel also prints $200 as a credit amount; the credit is omitted until it is clear which applies. Excerpts: sive bene","With the WhataHotel Preferred Rate, you get free breakfast for two daily, free Wi-Fi, a priority upgrade if available at check-in, a $100 hotel credit, among other perks.","When you reserve with WhataHotel's preferred rate, you also get a priority upgrade when one is available at check-in, complimentary breakfast for two each day, and free Wi-Fi. The hotel's listed exclusive perks can be combined with this preferred-rate offer, subject to each offer's terms."
"1911","Four Seasons Resort Koh Samui","four-seasons-koh-samui","published","v1","high","says a $100 credit, but WhataHotel now shows conflicting credit amounts (amounts seen: 100, 200, 750); says ""other perks"", which WhataHotel does not list (wording; goes with any re-voice)","credit: the perks table says $100 but WhataHotel also prints $200, $750 as a credit amount; the credit is omitted until it is clear which applies. Excerpts: exc","With the WhataHotel Preferred Rate, you get free breakfast for two daily, free Wi-Fi, a priority upgrade if available at check-in, a $100 hotel credit, among other perks.","With WhataHotel's preferred rate at this hotel, expect complimentary daily breakfast for two, priority for an upgrade at check-in when one is available, and complimentary Wi-Fi access. The hotel's listed exclusive perks can be combined with this preferred-rate offer, subject to each offer's terms."
"3463","Four Seasons Kuala Lumpur","four-seasons-kuala-lumpur","published","v2","medium","omits credit conditions: credit is per stay; suites get $200; says ""other perks"", which WhataHotel does not list (wording; goes with any re-voice)","","With the WhataHotel Preferred Rate, you get free breakfast for two daily, free Wi-Fi, a priority upgrade if available at check-in, a $100 hotel credit, among other perks.","For this property, WhataHotel's preferred rate adds free Wi-Fi, priority for an upgrade at check-in when one is available, complimentary breakfast for two each day, and a $100 credit at the hotel per stay, or $200 for suites. It can also be combined with the hotel's listed exclusive perks, subject to the terms of each offer."
"3123","Four Seasons Hotel Kuwait at Burj Alshaya","four-seasons-kuwait","published","v2","high","says a $100 credit, but WhataHotel now shows conflicting credit amounts (amounts seen: 100, 200); says ""other perks"", which WhataHotel does not list (wording; goes with any re-voice)","credit: the perks table says $100 but WhataHotel also prints $200 as a credit amount; the credit is omitted until it is clear which applies. Excerpts: sive bene","With the WhataHotel Preferred Rate, you get free breakfast for two daily, free Wi-Fi, a priority upgrade if available at check-in, a $100 hotel credit, among other perks.","Book through WhataHotel's preferred rate and you'll get free Wi-Fi, free breakfast for two every day, and a priority upgrade when one is available at check-in. It can also be combined with the hotel's listed exclusive perks, subject to the terms of each offer."
"3107","Four Seasons Hotel Kyoto","four-seasons-kyoto","published","v1","medium","omits credit conditions: credit is per stay; suites get $200; says ""other perks"", which WhataHotel does not list (wording; goes with any re-voice)","","With the WhataHotel Preferred Rate, you get free breakfast for two daily, free Wi-Fi, a priority upgrade if available at check-in, a $100 hotel credit, among other perks.","One more thing: the WhataHotel preferred rate here brings a priority upgrade when one is available at check-in, complimentary daily breakfast for two, complimentary Wi-Fi, and a $100 hotel credit per stay, or $200 for suites. The hotel's listed exclusive perks can be combined with this preferred-rate offer, subject to each offer's terms."
"1419","Four Seasons Resort Lanai","four-seasons-lanai","published","v1","high","says a $100 credit, but WhataHotel now shows conflicting credit amounts (amounts seen: 100, 200); mentions a priority upgrade, but it is conflict now; says ""other perks"", which WhataHotel does not list (wording; goes with any re-voice)","upgrade: a WhataHotel page describes the upgrade as guaranteed while the perks table says it depends on availability; omitted | credit: the perks table says $100 but WhataHotel also prints $200 as a credit amount; the credit is omitted until it is clear which applies. Excerpts: Get a $20","With the WhataHotel Preferred Rate, you get free breakfast for two daily, free Wi-Fi, a priority upgrade if available at check-in, a $100 hotel credit, among other perks.","Complimentary breakfast for two each day, and complimentary Wi-Fi: that's what the WhataHotel preferred rate adds at this hotel. The hotel's listed exclusive perks can be combined with this preferred-rate offer, subject to each offer's terms."
"1767","Four Seasons Resort Langkawi","four-seasons-langkawi","published","v1","medium","omits credit conditions: suites get $200; says ""other perks"", which WhataHotel does not list (wording; goes with any re-voice)","","With the WhataHotel Preferred Rate, you get free breakfast for two daily, free Wi-Fi, a priority upgrade if available at check-in, a $100 hotel credit, among other perks.","Worth knowing: WhataHotel's preferred rate includes free Wi-Fi, a priority upgrade when one is available at check-in, complimentary daily breakfast for two, and a $100 property credit, or $200 for suites. The hotel's listed exclusive perks can be combined with this preferred-rate offer, subject to each offer's terms."
"1413","Four Seasons Las Vegas","four-seasons-las-vegas","published","v2","high","says a $100 credit, but WhataHotel now shows conflicting credit amounts (amounts seen: 100, 500, 200); says ""other perks"", which WhataHotel does not list (wording; goes with any re-voice)","credit: the perks table says $100 but WhataHotel also prints $500, $200 as a credit amount; the credit is omitted until it is clear which applies. Excerpts: Exp","With the WhataHotel Preferred Rate, you get free breakfast for two daily, free Wi-Fi, a priority upgrade if available at check-in, a $100 hotel credit, among other perks.","For this property, WhataHotel's preferred rate adds a priority upgrade when one is available at check-in, complimentary Wi-Fi access, and complimentary daily breakfast for two. It can also be combined with the hotel's listed exclusive perks, subject to the terms of each offer."
"1423","Four Seasons London at Park Lane","four-seasons-london-park-lane","published","v1","medium","omits credit conditions: credit is per stay; suites get $200; says ""other perks"", which WhataHotel does not list (wording; goes with any re-voice)","","With the WhataHotel Preferred Rate, you get free breakfast for two daily, free Wi-Fi, a priority upgrade if available at check-in, a $100 hotel credit, among other perks.","When you reserve with WhataHotel's preferred rate, you also get free Wi-Fi, a priority upgrade when one is available at check-in, free daily breakfast for two, and a $100 credit at the hotel per stay, or $200 for suites. That preferred-rate offer can also be combined with the hotel's listed exclusive perks, subject to each offer's terms."
"3118","Four Seasons London at Tower Bridge","four-seasons-london-tower-bridge","published","v1","high","says a $100 credit, but WhataHotel now shows conflicting credit amounts (amounts seen: 100, 200); says ""other perks"", which WhataHotel does not list (wording; goes with any re-voice)","credit: the perks table says $100 but WhataHotel also prints $200 as a credit amount; the credit is omitted until it is clear which applies. Excerpts: gory upgr","With the WhataHotel Preferred Rate, you get free breakfast for two daily, free Wi-Fi, a priority upgrade if available at check-in, a $100 hotel credit, among other perks.","One more thing: the WhataHotel preferred rate here brings priority for an upgrade at check-in when one is available, free Wi-Fi, and free daily breakfast for two. That preferred-rate offer can also be combined with the hotel's listed exclusive perks, subject to each offer's terms."
"1415","Four Seasons Hotel Los Angeles at Beverly Hills","four-seasons-los-angeles-beverly-hills","published","v1","high","says a $100 credit, but WhataHotel now shows conflicting credit amounts (amounts seen: 100, 200, 500); says ""other perks"", which WhataHotel does not list (wording; goes with any re-voice)","credit: the perks table says $100 but WhataHotel also prints $200, $500 as a credit amount; the credit is omitted until it is clear which applies. Excerpts: USD","With the WhataHotel Preferred Rate, you get free breakfast for two daily, free Wi-Fi, a priority upgrade if available at check-in, a $100 hotel credit, among other perks.","Book through WhataHotel's preferred rate and you'll get a priority upgrade when one is available at check-in, free Wi-Fi, and free daily breakfast for two. It can also be combined with the hotel's listed exclusive perks, subject to the terms of each offer."
"3614","Four Seasons Resort Los Cabos at Costa Palmas","four-seasons-los-cabos-costa-palmas","published","v1","high","says a $100 credit, but WhataHotel now shows conflicting credit amounts (amounts seen: 100, 400, 200); says ""other perks"", which WhataHotel does not list (wording; goes with any re-voice)","credit: the perks table says $100 but WhataHotel also prints $400, $200 as a credit amount; the credit is omitted until it is clear which applies. Excerpts: Dis","With the WhataHotel Preferred Rate, you get free breakfast for two daily, free Wi-Fi, a priority upgrade if available at check-in, a $100 hotel credit, among other perks.","If you book through WhataHotel, the preferred rate comes with free Wi-Fi, priority for an upgrade at check-in when one is available, and complimentary breakfast for two each day. That preferred-rate offer can also be combined with the hotel's listed exclusive perks, subject to each offer's terms."
"2252","Four Seasons Hotel Macao, Cotai Strip","four-seasons-macau-cotai","published","v1","medium","omits credit conditions: suites get a higher credit; says ""other perks"", which WhataHotel does not list (wording; goes with any re-voice)","","With the WhataHotel Preferred Rate, you get free breakfast for two daily, free Wi-Fi, a priority upgrade if available at check-in, a $100 hotel credit, among other perks.","Look for the WhataHotel preferred rate, which brings priority for an upgrade at check-in when one is available, free daily breakfast for two, complimentary Wi-Fi access, and a $100 hotel credit, with a higher credit for suites. That preferred-rate offer can also be combined with the hotel's listed exclusive perks, subject to each offer's terms."
"4747","The Grand Suites at Four Seasons Macau","four-seasons-macau-grand-suites","published","v1","medium","omits credit conditions: suites get $200; says ""other perks"", which WhataHotel does not list (wording; goes with any re-voice)","","With the WhataHotel Preferred Rate, you get free breakfast for two daily, free Wi-Fi, a priority upgrade if available at check-in, a $100 hotel credit, among other perks.","Free Wi-Fi access, complimentary breakfast for two each day, a priority upgrade when one is available at check-in, and a $100 property credit, or $200 for suites: that's what the WhataHotel preferred rate adds at this hotel. That preferred-rate offer can also be combined with the hotel's listed exclusive perks, subject to each offer's terms."
"3897","Four Seasons Hotel Madrid","four-seasons-madrid","published","v2","medium","omits credit conditions: suites get $200; says ""other perks"", which WhataHotel does not list (wording; goes with any re-voice)","","With the WhataHotel Preferred Rate, you get free breakfast for two daily, free Wi-Fi, a priority upgrade if available at check-in, a $100 hotel credit, among other perks.","With WhataHotel's preferred rate at this hotel, expect complimentary Wi-Fi access, complimentary daily breakfast for two, priority for an upgrade at check-in when one is available, and a $100 credit at the hotel, or $200 for suites. The hotel's listed exclusive perks can be combined with this preferred-rate offer, subject to each offer's terms."
"1849","Four Seasons Resort Maldives at Kuda Huraa","four-seasons-maldives-kuda-huraa","published","v1","medium","omits credit conditions: credit is per stay; suites get $200; says ""other perks"", which WhataHotel does not list (wording; goes with any re-voice)","","With the WhataHotel Preferred Rate, you get free breakfast for two daily, free Wi-Fi, a priority upgrade if available at check-in, a $100 hotel credit, among other perks.","Worth knowing: WhataHotel's preferred rate includes complimentary breakfast for two each day, priority for an upgrade at check-in when one is available, free Wi-Fi access, and a $100 credit at the hotel per stay, or $200 for suites. It can also be combined with the hotel's listed exclusive perks, subject to the terms of each offer."
"1850","Four Seasons Resort Maldives at Landaa Giraavaru","four-seasons-maldives-landaa-giraavaru","published","v1","medium","omits credit conditions: credit is per stay; suites get $200; says ""other perks"", which WhataHotel does not list (wording; goes with any re-voice)","","With the WhataHotel Preferred Rate, you get free breakfast for two daily, free Wi-Fi, a priority upgrade if available at check-in, a $100 hotel credit, among other perks.","If you book through WhataHotel, the preferred rate comes with free Wi-Fi, priority for an upgrade at check-in when one is available, complimentary daily breakfast for two, and a $100 property credit per stay, or $200 for suites. That preferred-rate offer can also be combined with the hotel's listed exclusive perks, subject to each offer's terms."
"6664","Four Seasons Resort Mallorca at Formentor","four-seasons-mallorca-formentor","published","v1","medium","omits credit conditions: suites get $200; says ""other perks"", which WhataHotel does not list (wording; goes with any re-voice)","","With the WhataHotel Preferred Rate, you get free breakfast for two daily, free Wi-Fi, a priority upgrade if available at check-in, a $100 hotel credit, among other perks.","Book through WhataHotel's preferred rate and you'll get free breakfast for two every day, free Wi-Fi, priority for an upgrade at check-in when one is available, and a $100 property credit, or $200 for suites. The hotel's listed exclusive perks can be combined with this preferred-rate offer, subject to each offer's terms."
"2492","Four Seasons Hotel Marrakech","four-seasons-marrakech","published","v1","high","says a $100 credit, but WhataHotel now shows conflicting credit amounts (amounts seen: 100, 200); says ""other perks"", which WhataHotel does not list (wording; goes with any re-voice)","credit: the perks table says $100 but WhataHotel also prints $200 as a credit amount; the credit is omitted until it is clear which applies. Excerpts: provides ","With the WhataHotel Preferred Rate, you get free breakfast for two daily, free Wi-Fi, a priority upgrade if available at check-in, a $100 hotel credit, among other perks.","Look for the WhataHotel preferred rate, which brings free Wi-Fi access, a priority upgrade when one is available at check-in, and complimentary breakfast for two each day. The hotel's listed exclusive perks can be combined with this preferred-rate offer, subject to each offer's terms."
"1421","Four Seasons Maui at Wailea","four-seasons-maui","published","v2","medium","omits credit conditions: suites get $200; says ""other perks"", which WhataHotel does not list (wording; goes with any re-voice)","","With the WhataHotel Preferred Rate, you get free breakfast for two daily, free Wi-Fi, a priority upgrade if available at check-in, a $100 hotel credit, among other perks.","With WhataHotel's preferred rate at this hotel, expect a priority upgrade when one is available at check-in, free breakfast for two every day, complimentary Wi-Fi access, and a $100 property credit, or $200 for suites. That preferred-rate offer can also be combined with the hotel's listed exclusive perks, subject to each offer's terms."
"2281","Four Seasons Resort Mauritius","four-seasons-mauritius","published","v1","high","says a $100 credit, but WhataHotel now shows conflicting credit amounts (amounts seen: 100, 200); says ""other perks"", which WhataHotel does not list (wording; goes with any re-voice)","credit: the perks table says $100 but WhataHotel also prints $200 as a credit amount; the credit is omitted until it is clear which applies. Excerpts: sive bene","With the WhataHotel Preferred Rate, you get free breakfast for two daily, free Wi-Fi, a priority upgrade if available at check-in, a $100 hotel credit, among other perks.","Free breakfast for two every day, priority for an upgrade at check-in when one is available, and complimentary Wi-Fi access: that's what the WhataHotel preferred rate adds at this hotel. It can also be combined with the hotel's listed exclusive perks, subject to the terms of each offer."
"3288","Four Seasons Hotel Megève","four-seasons-megeve","published","v1","medium","omits credit conditions: suites get $200; says ""other perks"", which WhataHotel does not list (wording; goes with any re-voice)","","With the WhataHotel Preferred Rate, you get free breakfast for two daily, free Wi-Fi, a priority upgrade if available at check-in, a $100 hotel credit, among other perks.","One more thing: the WhataHotel preferred rate here brings free Wi-Fi, priority for an upgrade at check-in when one is available, free daily breakfast for two, and a $100 property credit, or $200 for suites. It can also be combined with the hotel's listed exclusive perks, subject to the terms of each offer."
"1516","Four Seasons Hotel Mexico, D.F.","four-seasons-mexico-city","published","v8","medium","omits credit conditions: suites get $200; says ""other perks"", which WhataHotel does not list (wording; goes with any re-voice)","","With the WhataHotel Preferred Rate, you get free breakfast for two daily, free Wi-Fi, a priority upgrade if available at check-in, a $100 hotel credit, among other perks.","If you book through WhataHotel, the preferred rate comes with free Wi-Fi access, priority for an upgrade at check-in when one is available, complimentary daily breakfast for two, and a $100 credit at the hotel, or $200 for suites. The hotel's listed exclusive perks can be combined with this preferred-rate offer, subject to each offer's terms."
"1326","Four Seasons Hotel Miami","four-seasons-miami","published","v1","high","says a $100 credit, but WhataHotel now shows conflicting credit amounts (amounts seen: 100, 150, 200); says ""other perks"", which WhataHotel does not list (wording; goes with any re-voice)","credit: the perks table says $100 but WhataHotel also prints $150, $200 as a credit amount; the credit is omitted until it is clear which applies. Excerpts: $15","With the WhataHotel Preferred Rate, you get free breakfast for two daily, free Wi-Fi, a priority upgrade if available at check-in, a $100 hotel credit, among other perks.","When you reserve with WhataHotel's preferred rate, you also get a priority upgrade when one is available at check-in, free Wi-Fi, and complimentary daily breakfast for two. That preferred-rate offer can also be combined with the hotel's listed exclusive perks, subject to each offer's terms."
"995","Four Seasons Hotel Milano","four-seasons-milano","published","v1","medium","omits credit conditions: suites get $200; says ""other perks"", which WhataHotel does not list (wording; goes with any re-voice)","","With the WhataHotel Preferred Rate, you get free breakfast for two daily, free Wi-Fi, a priority upgrade if available at check-in, a $100 hotel credit, among other perks.","Check WhataHotel for preferred rates here, which include priority for an upgrade at check-in when one is available, complimentary Wi-Fi, free breakfast for two every day, and a $100 hotel credit, or $200 for suites. It can also be combined with the hotel's listed exclusive perks, subject to the terms of each offer."
"6089","Four Seasons Hotel Minneapolis","four-seasons-minneapolis","published","v1","medium","omits credit conditions: suites get a higher credit; says ""other perks"", which WhataHotel does not list (wording; goes with any re-voice)","","With the WhataHotel Preferred Rate, you get free breakfast for two daily, free Wi-Fi, a priority upgrade if available at check-in, a $100 hotel credit, among other perks.","Look for the WhataHotel preferred rate, which brings complimentary daily breakfast for two, a priority upgrade when one is available at check-in, complimentary Wi-Fi access, and a $100 credit at the hotel, with a higher credit for suites. The hotel's listed exclusive perks can be combined with this preferred-rate offer, subject to each offer's terms."
"3621","Four Seasons Hotel Montreal","four-seasons-montreal","published","v1","medium","omits credit conditions: credit is per stay; suites get a higher credit; says ""other perks"", which WhataHotel does not list (wording; goes with any re-voice)","","With the WhataHotel Preferred Rate, you get free breakfast for two daily, free Wi-Fi, a priority upgrade if available at check-in, a $100 hotel credit, among other perks.","Worth knowing: WhataHotel's preferred rate includes free Wi-Fi access, a priority upgrade when one is available at check-in, complimentary breakfast for two each day, and a $100 property credit per stay, with a higher credit for suites. The hotel's listed exclusive perks can be combined with this preferred-rate offer, subject to each offer's terms."
"2253","Four Seasons Hotel Mumbai","four-seasons-mumbai","published","v7","high","says a $100 credit, but WhataHotel now shows conflicting credit amounts (amounts seen: 100, 200); says ""other perks"", which WhataHotel does not list (wording; goes with any re-voice)","credit: the perks table says $100 but WhataHotel also prints $200 as a credit amount; the credit is omitted until it is clear which applies. Excerpts: provides ","With the WhataHotel Preferred Rate, you get free breakfast for two daily, free Wi-Fi, a priority upgrade if available at check-in, a $100 hotel credit, among other perks.","One more thing: the WhataHotel preferred rate here brings free Wi-Fi access, free daily breakfast for two, and priority consideration for a room upgrade at check-in, subject to availability. The hotel's listed exclusive perks can be combined with this preferred-rate offer, subject to each offer's terms."
"6852","Four Seasons Hotel Mykonos","four-seasons-mykonos","published","v1","medium","omits credit conditions: suites get $200; says ""other perks"", which WhataHotel does not list (wording; goes with any re-voice)","","With the WhataHotel Preferred Rate, you get free breakfast for two daily, free Wi-Fi, a priority upgrade if available at check-in, a $100 hotel credit, among other perks.","With WhataHotel's preferred rate at this hotel, expect complimentary daily breakfast for two, a priority upgrade when one is available at check-in, complimentary Wi-Fi access, and a $100 hotel credit, or $200 for suites. That preferred-rate offer can also be combined with the hotel's listed exclusive perks, subject to each offer's terms."
"1803","Four Seasons Resort The Nam Hai, Hoi An","four-seasons-nam-hai","published","v1","medium","omits credit conditions: suites get a higher credit; says ""other perks"", which WhataHotel does not list (wording; goes with any re-voice)","","With the WhataHotel Preferred Rate, you get free breakfast for two daily, free Wi-Fi, a priority upgrade if available at check-in, a $100 hotel credit, among other perks.","If you book through WhataHotel, the preferred rate comes with priority for an upgrade at check-in when one is available, complimentary breakfast for two each day, complimentary Wi-Fi, and a $100 property credit, with a higher credit for suites. The hotel's listed exclusive perks can be combined with this preferred-rate offer, subject to each offer's terms."
"3617","Four Seasons Resort and Residences Napa Valley","four-seasons-napa-valley","published","v1","high","says a $100 credit, but WhataHotel now shows conflicting credit amounts (amounts seen: 100, 200); says ""other perks"", which WhataHotel does not list (wording; goes with any re-voice)","credit: the perks table says $100 but WhataHotel also prints $200 as a credit amount; the credit is omitted until it is clear which applies. Excerpts: ), Full B","With the WhataHotel Preferred Rate, you get free breakfast for two daily, free Wi-Fi, a priority upgrade if available at check-in, a $100 hotel credit, among other perks.","When you reserve with WhataHotel's preferred rate, you also get free breakfast for two every day, free Wi-Fi, and a priority upgrade when one is available at check-in. The hotel's listed exclusive perks can be combined with this preferred-rate offer, subject to each offer's terms."
"6813","Four Seasons Naples Beach Club","four-seasons-naples-beach-club","published","v1","high","says a $100 credit, but WhataHotel now shows conflicting credit amounts (amounts seen: 100, 200, 300); says ""other perks"", which WhataHotel does not list (wording; goes with any re-voice)","credit: the perks table says $100 but WhataHotel also prints $200, $300 as a credit amount; the credit is omitted until it is clear which applies. Excerpts: Exp","With the WhataHotel Preferred Rate, you get free breakfast for two daily, free Wi-Fi, a priority upgrade if available at check-in, a $100 hotel credit, among other perks.","Free Wi-Fi access, free daily breakfast for two, and a priority upgrade when one is available at check-in: that's what the WhataHotel preferred rate adds at this hotel. It can also be combined with the hotel's listed exclusive perks, subject to the terms of each offer."
"6104","Four Seasons Nashville","four-seasons-nashville","published","v1","medium","omits credit conditions: credit is per stay; suites get a higher credit; says ""other perks"", which WhataHotel does not list (wording; goes with any re-voice)","","With the WhataHotel Preferred Rate, you get free breakfast for two daily, free Wi-Fi, a priority upgrade if available at check-in, a $100 hotel credit, among other perks.","One more thing: the WhataHotel preferred rate here brings a priority upgrade when one is available at check-in, complimentary daily breakfast for two, complimentary Wi-Fi access, and a $100 property credit per stay, with a higher credit for suites. It can also be combined with the hotel's listed exclusive perks, subject to the terms of each offer."
"6103","Naviva, Four Seasons, Punta Mita","four-seasons-naviva-punta-mita","published","v1","high","says a $100 credit, but WhataHotel now shows conflicting credit amounts (amounts seen: 100, 200); says ""other perks"", which WhataHotel does not list (wording; goes with any re-voice)","credit: the perks table says $100 but WhataHotel also prints $200 as a credit amount; the credit is omitted until it is clear which applies. Excerpts: Additiona","With the WhataHotel Preferred Rate, you get free breakfast for two daily, free Wi-Fi, a priority upgrade if available at check-in, a $100 hotel credit, among other perks.","For this property, WhataHotel's preferred rate adds complimentary Wi-Fi access, priority for an upgrade at check-in when one is available, and free breakfast for two every day. That preferred-rate offer can also be combined with the hotel's listed exclusive perks, subject to each offer's terms."
"1422","Four Seasons Resort Nevis","four-seasons-nevis","published","v1","medium","omits credit conditions: suites get $200; says ""other perks"", which WhataHotel does not list (wording; goes with any re-voice)","","With the WhataHotel Preferred Rate, you get free breakfast for two daily, free Wi-Fi, a priority upgrade if available at check-in, a $100 hotel credit, among other perks.","With WhataHotel's preferred rate at this hotel, expect free daily breakfast for two, complimentary Wi-Fi access, a priority upgrade when one is available at check-in, and a $100 credit at the hotel, or $200 for suites. It can also be combined with the hotel's listed exclusive perks, subject to the terms of each offer."
"4745","Four Seasons New Orleans","four-seasons-new-orleans","published","v1","medium","omits credit conditions: credit is per stay; suites get a higher credit; says ""other perks"", which WhataHotel does not list (wording; goes with any re-voice)","","With the WhataHotel Preferred Rate, you get free breakfast for two daily, free Wi-Fi, a priority upgrade if available at check-in, a $100 hotel credit, among other perks.","Worth knowing: WhataHotel's preferred rate includes a priority upgrade when one is available at check-in, free breakfast for two every day, free Wi-Fi, and a $100 hotel credit per stay, with a higher credit for suites. The hotel's listed exclusive perks can be combined with this preferred-rate offer, subject to each offer's terms."
"1838","Four Seasons Hotel New York","four-seasons-new-york","published","v1","medium","omits credit conditions: credit is per stay; suites get a higher credit; says ""other perks"", which WhataHotel does not list (wording; goes with any re-voice)","","With the WhataHotel Preferred Rate, you get free breakfast for two daily, free Wi-Fi, a priority upgrade if available at check-in, a $100 hotel credit, among other perks.","Book through WhataHotel's preferred rate and you'll get free Wi-Fi, free daily breakfast for two, priority for an upgrade at check-in when one is available, and a $100 credit at the hotel per stay, with a higher credit for suites. The hotel's listed exclusive perks can be combined with this preferred-rate offer, subject to each offer's terms."
"3103","Four Seasons Hotel New York Downtown","four-seasons-new-york-downtown","published","v1","medium","omits credit conditions: credit is per stay; suites get $200; says ""other perks"", which WhataHotel does not list (wording; goes with any re-voice)","","With the WhataHotel Preferred Rate, you get free breakfast for two daily, free Wi-Fi, a priority upgrade if available at check-in, a $100 hotel credit, among other perks.","When you reserve with WhataHotel's preferred rate, you also get priority for an upgrade at check-in when one is available, complimentary Wi-Fi access, free breakfast for two every day, and a $100 hotel credit per stay, or $200 for suites. The hotel's listed exclusive perks can be combined with this preferred-rate offer, subject to each offer's terms."
"3046","Four Seasons Oahu at Ko Olina","four-seasons-oahu-ko-olina","published","v1","high","says a $100 credit, but WhataHotel now shows conflicting credit amounts (amounts seen: 100, 200); says ""other perks"", which WhataHotel does not list (wording; goes with any re-voice)","credit: the perks table says $100 but WhataHotel also prints $200 as a credit amount; the credit is omitted until it is clear which applies. Excerpts: Get a $20","With the WhataHotel Preferred Rate, you get free breakfast for two daily, free Wi-Fi, a priority upgrade if available at check-in, a $100 hotel credit, among other perks.","Look for the WhataHotel preferred rate, which brings priority for an upgrade at check-in when one is available, complimentary daily breakfast for two, and free Wi-Fi. That preferred-rate offer can also be combined with the hotel's listed exclusive perks, subject to each offer's terms."
"1132","The Ocean Club, A Four Seasons Resort, Bahamas","four-seasons-ocean-club-bahamas","published","v1","high","says a $100 credit, but WhataHotel now shows conflicting credit amounts (amounts seen: 100, 500, 200); says ""other perks"", which WhataHotel does not list (wording; goes with any re-voice)","credit: the perks table says $100 but WhataHotel also prints $500, $200 as a credit amount; the credit is omitted until it is clear which applies. Excerpts: Exp","With the WhataHotel Preferred Rate, you get free breakfast for two daily, free Wi-Fi, a priority upgrade if available at check-in, a $100 hotel credit, among other perks.","Check WhataHotel for preferred rates here, which include complimentary Wi-Fi, priority for an upgrade at check-in when one is available, and complimentary breakfast for two each day. It can also be combined with the hotel's listed exclusive perks, subject to the terms of each offer."
"3701","Four Seasons Hotel, One Dalton Street","four-seasons-one-dalton-street","published","v1","medium","omits credit conditions: credit only covers food and beverage or spa; credit is per stay; suites get $200; says ""other perks"", which WhataHotel does not list (wording; goes with any re-voice)","","With the WhataHotel Preferred Rate, you get free breakfast for two daily, free Wi-Fi, a priority upgrade if available at check-in, a $100 hotel credit, among other perks.","For this property, WhataHotel's preferred rate adds free breakfast for two every day, free Wi-Fi, priority for an upgrade at check-in when one is available, and a $100 food and beverage or spa credit per stay, or $200 for suites. The hotel's listed exclusive perks can be combined with this preferred-rate offer, subject to each offer's terms."
"2878","Four Seasons Orlando at Walt Disney World","four-seasons-orlando","published","v2","high","says a $100 credit, but WhataHotel now shows conflicting credit amounts (amounts seen: 100, 500, 200); says ""other perks"", which WhataHotel does not list (wording; goes with any re-voice)","credit: the perks table says $100 but WhataHotel also prints $500, $200 as a credit amount; the credit is omitted until it is clear which applies. Excerpts: Exp","With the WhataHotel Preferred Rate, you get free breakfast for two daily, free Wi-Fi, a priority upgrade if available at check-in, a $100 hotel credit, among other perks.","With WhataHotel's preferred rate at this hotel, expect complimentary daily breakfast for two, complimentary Wi-Fi access, and priority for an upgrade at check-in when one is available. It can also be combined with the hotel's listed exclusive perks, subject to the terms of each offer."
"6665","Four Seasons Hotel Osaka","four-seasons-osaka","published","v1","medium","omits credit conditions: suites get a higher credit; says ""other perks"", which WhataHotel does not list (wording; goes with any re-voice)","","With the WhataHotel Preferred Rate, you get free breakfast for two daily, free Wi-Fi, a priority upgrade if available at check-in, a $100 hotel credit, among other perks.","Free breakfast for two every day, a priority upgrade when one is available at check-in, free Wi-Fi access, and a $100 property credit, with a higher credit for suites: that's what the WhataHotel preferred rate adds at this hotel. The hotel's listed exclusive perks can be combined with this preferred-rate offer, subject to each offer's terms."
"950","Four Seasons Resort Palm Beach","four-seasons-palm-beach","published","v1","high","says a $100 credit, but WhataHotel now shows conflicting credit amounts (amounts seen: 100, 200, 400, 600); says ""other perks"", which WhataHotel does not list (wording; goes with any re-voice)","credit: the perks table says $100 but WhataHotel also prints $200, $400, $600 as a credit amount; the credit is omitted until it is clear which applies. Excerpt","With the WhataHotel Preferred Rate, you get free breakfast for two daily, free Wi-Fi, a priority upgrade if available at check-in, a $100 hotel credit, among other perks.","If you book through WhataHotel, the preferred rate comes with priority for an upgrade at check-in when one is available, free Wi-Fi access, and free breakfast for two every day. It can also be combined with the hotel's listed exclusive perks, subject to the terms of each offer."
"1096","Four Seasons Paris, George V","four-seasons-paris-george-v","published","v4","medium","omits credit conditions: suites get $200; says ""other perks"", which WhataHotel does not list (wording; goes with any re-voice)","","With the WhataHotel Preferred Rate, you get free breakfast for two daily, free Wi-Fi, a priority upgrade if available at check-in, a $100 hotel credit, among other perks.","Look for the WhataHotel preferred rate, which brings a priority upgrade when one is available at check-in, free Wi-Fi access, complimentary breakfast for two each day, and a $100 hotel credit, or $200 for suites. It can also be combined with the hotel's listed exclusive perks, subject to the terms of each offer."
"1837","Four Seasons Hotel Philadelphia","four-seasons-philadelphia","published","v1","medium","omits credit conditions: credit is per stay; suites get a higher credit; says ""other perks"", which WhataHotel does not list (wording; goes with any re-voice)","","With the WhataHotel Preferred Rate, you get free breakfast for two daily, free Wi-Fi, a priority upgrade if available at check-in, a $100 hotel credit, among other perks.","Check WhataHotel for preferred rates here, which include a priority upgrade when one is available at check-in, complimentary Wi-Fi access, free breakfast for two every day, and a $100 property credit per stay, with a higher credit for suites. The hotel's listed exclusive perks can be combined with this preferred-rate offer, subject to each offer's terms."
"1160","Four Seasons Hotel Prague","four-seasons-prague","published","v1","medium","omits credit conditions: suites get $200; says ""other perks"", which WhataHotel does not list (wording; goes with any re-voice)","","With the WhataHotel Preferred Rate, you get free breakfast for two daily, free Wi-Fi, a priority upgrade if available at check-in, a $100 hotel credit, among other perks.","When you reserve with WhataHotel's preferred rate, you also get free Wi-Fi, priority for an upgrade at check-in when one is available, complimentary daily breakfast for two, and a $100 hotel credit, or $200 for suites. It can also be combined with the hotel's listed exclusive perks, subject to the terms of each offer."
"6869","Four Seasons Resort and Residences Puerto Rico","four-seasons-puerto-rico","published","v1","medium","omits credit conditions: suites get a higher credit; says ""other perks"", which WhataHotel does not list (wording; goes with any re-voice)","","With the WhataHotel Preferred Rate, you get free breakfast for two daily, free Wi-Fi, a priority upgrade if available at check-in, a $100 hotel credit, among other perks.","One more thing: the WhataHotel preferred rate here brings a priority upgrade when one is available at check-in, free breakfast for two every day, free Wi-Fi, and a $100 credit at the hotel, with a higher credit for suites. The hotel's listed exclusive perks can be combined with this preferred-rate offer, subject to each offer's terms."
"1414","Four Seasons Resort Punta Mita","four-seasons-punta-mita","published","v4","medium","omits credit conditions: suites get $200; says ""other perks"", which WhataHotel does not list (wording; goes with any re-voice)","","With the WhataHotel Preferred Rate, you get free breakfast for two daily, free Wi-Fi, a priority upgrade if available at check-in, a $100 hotel credit, among other perks.","Complimentary Wi-Fi access, a priority upgrade when one is available at check-in, complimentary daily breakfast for two, and a $100 property credit, or $200 for suites: that's what the WhataHotel preferred rate adds at this hotel. It can also be combined with the hotel's listed exclusive perks, subject to the terms of each offer."
"6553","Four Seasons Rabat at Kasr Al Bahr","four-seasons-rabat","published","v1","high","says a $100 credit, but WhataHotel now shows conflicting credit amounts (amounts seen: 100, 200); says ""other perks"", which WhataHotel does not list (wording; goes with any re-voice)","credit: the perks table says $100 but WhataHotel also prints $200 as a credit amount; the credit is omitted until it is clear which applies. Excerpts: sive bene","With the WhataHotel Preferred Rate, you get free breakfast for two daily, free Wi-Fi, a priority upgrade if available at check-in, a $100 hotel credit, among other perks.","Look for the WhataHotel preferred rate, which brings free Wi-Fi access, priority for an upgrade at check-in when one is available, and complimentary daily breakfast for two. The hotel's listed exclusive perks can be combined with this preferred-rate offer, subject to each offer's terms."
"7084","Four Seasons Resort and Residences Red Sea at Shura Island","four-seasons-red-sea","published","v1","medium","omits credit conditions: suites get $200; says ""other perks"", which WhataHotel does not list (wording; goes with any re-voice)","","With the WhataHotel Preferred Rate, you get free breakfast for two daily, free Wi-Fi, a priority upgrade if available at check-in, a $100 hotel credit, among other perks.","For this property, WhataHotel's preferred rate adds complimentary daily breakfast for two, complimentary Wi-Fi, a priority upgrade when one is available at check-in, and a $100 hotel credit, or $200 for suites. It can also be combined with the hotel's listed exclusive perks, subject to the terms of each offer."
"1018","Four Seasons Hotel Ritz Lisbon","four-seasons-ritz-lisbon","published","v1","medium","omits credit conditions: suites get $200; says ""other perks"", which WhataHotel does not list (wording; goes with any re-voice)","","With the WhataHotel Preferred Rate, you get free breakfast for two daily, free Wi-Fi, a priority upgrade if available at check-in, a $100 hotel credit, among other perks.","With WhataHotel's preferred rate at this hotel, expect free Wi-Fi access, a priority upgrade when one is available at check-in, complimentary daily breakfast for two, and a $100 hotel credit, or $200 for suites. It can also be combined with the hotel's listed exclusive perks, subject to the terms of each offer."
"1847","Four Seasons Hotel Riyadh at Kingdom Centre","four-seasons-riyadh","published","v1","medium","omits credit conditions: suites get a higher credit; says ""other perks"", which WhataHotel does not list (wording; goes with any re-voice)","","With the WhataHotel Preferred Rate, you get free breakfast for two daily, free Wi-Fi, a priority upgrade if available at check-in, a $100 hotel credit, among other perks.","Check WhataHotel for preferred rates here, which include free Wi-Fi, complimentary daily breakfast for two, priority for an upgrade at check-in when one is available, and a $100 property credit, with a higher credit for suites. The hotel's listed exclusive perks can be combined with this preferred-rate offer, subject to each offer's terms."
"1197","Four Seasons Hotel San Francisco","four-seasons-san-francisco","published","v1","high","says a $100 credit, but WhataHotel now shows conflicting credit amounts (amounts seen: 100, 200); says ""other perks"", which WhataHotel does not list (wording; goes with any re-voice)","credit: the perks table says $100 but WhataHotel also prints $200 as a credit amount; the credit is omitted until it is clear which applies. Excerpts: $100 prop","With the WhataHotel Preferred Rate, you get free breakfast for two daily, free Wi-Fi, a priority upgrade if available at check-in, a $100 hotel credit, among other perks.","Book through WhataHotel's preferred rate and you'll get priority for an upgrade at check-in when one is available, complimentary Wi-Fi, and complimentary daily breakfast for two. The hotel's listed exclusive perks can be combined with this preferred-rate offer, subject to each offer's terms."
"4076","Four Seasons San Francisco at Embarcadero","four-seasons-san-francisco-embarcadero","published","v3","high","says a $100 credit, but WhataHotel now shows conflicting credit amounts (amounts seen: 100, 200); says ""other perks"", which WhataHotel does not list (wording; goes with any re-voice)","credit: the perks table says $100 but WhataHotel also prints $200 as a credit amount; the credit is omitted until it is clear which applies. Excerpts: OR $200 P","With the WhataHotel Preferred Rate, you get free breakfast for two daily, free Wi-Fi, a priority upgrade if available at check-in, a $100 hotel credit, among other perks.","Priority for an upgrade at check-in when one is available, complimentary Wi-Fi, and free daily breakfast for two: that's what the WhataHotel preferred rate adds at this hotel. It can also be combined with the hotel's listed exclusive perks, subject to the terms of each offer."
"2093","Four Seasons Resort Rancho Encantado Santa Fe","four-seasons-santa-fe-rancho-encantado","published","v1","medium","omits credit conditions: credit is per stay; suites get a higher credit; says ""other perks"", which WhataHotel does not list (wording; goes with any re-voice)","","With the WhataHotel Preferred Rate, you get free breakfast for two daily, free Wi-Fi, a priority upgrade if available at check-in, a $100 hotel credit, among other perks.","If you book through WhataHotel, the preferred rate comes with complimentary Wi-Fi, complimentary daily breakfast for two, priority for an upgrade at check-in when one is available, and a $100 credit at the hotel per stay, with a higher credit for suites. The hotel's listed exclusive perks can be combined with this preferred-rate offer, subject to each offer's terms."
"1089","Four Seasons Scottsdale at Troon North","four-seasons-scottsdale-troon-north","published","v1","medium","omits credit conditions: credit is per stay; suites get a higher credit; says ""other perks"", which WhataHotel does not list (wording; goes with any re-voice)","","With the WhataHotel Preferred Rate, you get free breakfast for two daily, free Wi-Fi, a priority upgrade if available at check-in, a $100 hotel credit, among other perks.","Look for the WhataHotel preferred rate, which brings complimentary Wi-Fi, free daily breakfast for two, priority for an upgrade at check-in when one is available, and a $100 property credit per stay, with a higher credit for suites. The hotel's listed exclusive perks can be combined with this preferred-rate offer, subject to each offer's terms."
"2250","Four Seasons Hotel Seattle","four-seasons-seattle","published","v2","medium","omits credit conditions: credit is per stay; suites get a higher credit; says ""other perks"", which WhataHotel does not list (wording; goes with any re-voice)","","With the WhataHotel Preferred Rate, you get free breakfast for two daily, free Wi-Fi, a priority upgrade if available at check-in, a $100 hotel credit, among other perks.","For this property, WhataHotel's preferred rate adds priority for an upgrade at check-in when one is available, complimentary daily breakfast for two, complimentary Wi-Fi access, and a $100 credit at the hotel per stay, with a higher credit for suites. It can also be combined with the hotel's listed exclusive perks, subject to the terms of each offer."
"1418","Sensei Lanai, A Four Seasons Resort","four-seasons-sensei-lanai","published","v1","high","says a $100 credit, but WhataHotel now shows conflicting credit amounts (amounts seen: 100, 200); says ""other perks"", which WhataHotel does not list (wording; goes with any re-voice)","credit: the perks table says $100 but WhataHotel also prints $200 as a credit amount; the credit is omitted until it is clear which applies. Excerpts: $200 cred","With the WhataHotel Preferred Rate, you get free breakfast for two daily, free Wi-Fi, a priority upgrade if available at check-in, a $100 hotel credit, among other perks.","With WhataHotel's preferred rate at this hotel, expect priority for an upgrade at check-in when one is available, free breakfast for two every day, and complimentary Wi-Fi access. That preferred-rate offer can also be combined with the hotel's listed exclusive perks, subject to each offer's terms."
"3011","Four Seasons Hotel Seoul","four-seasons-seoul","published","v1","high","says a $100 credit, but WhataHotel now shows conflicting credit amounts (amounts seen: 100, 250); says ""other perks"", which WhataHotel does not list (wording; goes with any re-voice)","credit: the perks table says $100 but WhataHotel also prints $250 as a credit amount; the credit is omitted until it is clear which applies. Excerpts: Hotel Seo","With the WhataHotel Preferred Rate, you get free breakfast for two daily, free Wi-Fi, a priority upgrade if available at check-in, a $100 hotel credit, among other perks.","Book through WhataHotel's preferred rate and you'll get complimentary daily breakfast for two, complimentary Wi-Fi, and priority for a room upgrade at check-in, subject to availability. The hotel's listed exclusive perks can be combined with this preferred-rate offer, subject to each offer's terms."
"2682","Four Seasons Safari Lodge Serengeti","four-seasons-serengeti","published","v2","high","says a $100 credit, but WhataHotel now shows conflicting credit amounts (amounts seen: 100, 200); says ""other perks"", which WhataHotel does not list (wording; goes with any re-voice)","credit: the perks table says $100 but WhataHotel also prints $200 as a credit amount; the credit is omitted until it is clear which applies. Excerpts: provides ","With the WhataHotel Preferred Rate, you get free breakfast for two daily, free Wi-Fi, a priority upgrade if available at check-in, a $100 hotel credit, among other perks.","Free breakfast for two every day, priority for an upgrade at check-in when one is available, and complimentary Wi-Fi: that's what the WhataHotel preferred rate adds at this hotel. It can also be combined with the hotel's listed exclusive perks, subject to the terms of each offer."
"2287","Four Seasons Resort Seychelles","four-seasons-seychelles","published","v1","high","says a $100 credit, but WhataHotel now shows conflicting credit amounts (amounts seen: 100, 200); says ""other perks"", which WhataHotel does not list (wording; goes with any re-voice)","credit: the perks table says $100 but WhataHotel also prints $200 as a credit amount; the credit is omitted until it is clear which applies. Excerpts: provides ","With the WhataHotel Preferred Rate, you get free breakfast for two daily, free Wi-Fi, a priority upgrade if available at check-in, a $100 hotel credit, among other perks.","One more thing: the WhataHotel preferred rate here brings complimentary daily breakfast for two, priority for an upgrade at check-in when one is available, and free Wi-Fi access. That preferred-rate offer can also be combined with the hotel's listed exclusive perks, subject to each offer's terms."
"3289","Four Seasons Resort Seychelles at Desroches Island","four-seasons-seychelles-desroches","published","v1","high","says a $100 credit, but WhataHotel now shows conflicting credit amounts (amounts seen: 100, 700); says ""other perks"", which WhataHotel does not list (wording; goes with any re-voice)","credit: the perks table says $100 but WhataHotel also prints $700 as a credit amount; the credit is omitted until it is clear which applies. Excerpts: Receive a","With the WhataHotel Preferred Rate, you get free breakfast for two daily, free Wi-Fi, a priority upgrade if available at check-in, a $100 hotel credit, among other perks.","When you reserve with WhataHotel's preferred rate, you also get complimentary breakfast for two each day, a priority upgrade when one is available at check-in, and complimentary Wi-Fi access. It can also be combined with the hotel's listed exclusive perks, subject to the terms of each offer."
"1846","Four Seasons Resort Sharm El Sheikh","four-seasons-sharm-el-sheikh","published","v1","high","says a $100 credit, but WhataHotel now shows conflicting credit amounts (amounts seen: 100, 250, 500, 200); says ""other perks"", which WhataHotel does not list (wording; goes with any re-voice)","credit: the perks table says $100 but WhataHotel also prints $250, $500, $200 as a credit amount; the credit is omitted until it is clear which applies. Excerpt","With the WhataHotel Preferred Rate, you get free breakfast for two daily, free Wi-Fi, a priority upgrade if available at check-in, a $100 hotel credit, among other perks.","Check WhataHotel for preferred rates here, which include free breakfast for two every day, a priority upgrade when one is available at check-in, and free Wi-Fi access. The hotel's listed exclusive perks can be combined with this preferred-rate offer, subject to each offer's terms."
"2721","Four Seasons Hotel Shenzhen","four-seasons-shenzhen","published","v1","medium","omits credit conditions: suites get a higher credit; says ""other perks"", which WhataHotel does not list (wording; goes with any re-voice)","","With the WhataHotel Preferred Rate, you get free breakfast for two daily, free Wi-Fi, a priority upgrade if available at check-in, a $100 hotel credit, among other perks.","Look for the WhataHotel preferred rate, which brings complimentary Wi-Fi, a priority upgrade when one is available at check-in, complimentary daily breakfast for two, and a $100 hotel credit, with a higher credit for suites. That preferred-rate offer can also be combined with the hotel's listed exclusive perks, subject to each offer's terms."
"2282","Four Seasons Hotel Silicon Valley","four-seasons-silicon-valley","published","v1","high","says a $100 credit, but WhataHotel now shows conflicting credit amounts (amounts seen: 100, 200); says ""other perks"", which WhataHotel does not list (wording; goes with any re-voice)","credit: the perks table says $100 but WhataHotel also prints $200 as a credit amount; the credit is omitted until it is clear which applies. Excerpts: $100 prop","With the WhataHotel Preferred Rate, you get free breakfast for two daily, free Wi-Fi, a priority upgrade if available at check-in, a $100 hotel credit, among other perks.","For this property, WhataHotel's preferred rate adds free daily breakfast for two, priority for an upgrade at check-in when one is available, and free Wi-Fi access. The hotel's listed exclusive perks can be combined with this preferred-rate offer, subject to each offer's terms."
"1787","Four Seasons Hotel Singapore","four-seasons-singapore","published","v1","high","says a $100 credit, but WhataHotel now shows conflicting credit amounts (amounts seen: 100, 200); says ""other perks"", which WhataHotel does not list (wording; goes with any re-voice)","credit: the perks table says $100 but WhataHotel also prints $200 as a credit amount; the credit is omitted until it is clear which applies. Excerpts: gh direct","With the WhataHotel Preferred Rate, you get free breakfast for two daily, free Wi-Fi, a priority upgrade if available at check-in, a $100 hotel credit, among other perks.","Book through WhataHotel's preferred rate and you'll get free Wi-Fi access, complimentary breakfast for two each day, and a priority upgrade when one is available at check-in. That preferred-rate offer can also be combined with the hotel's listed exclusive perks, subject to each offer's terms."
"1931","Four Seasons Hotel St. Louis","four-seasons-st-louis","published","v1","medium","omits credit conditions: credit is per stay; suites get a higher credit; says ""other perks"", which WhataHotel does not list (wording; goes with any re-voice)","","With the WhataHotel Preferred Rate, you get free breakfast for two daily, free Wi-Fi, a priority upgrade if available at check-in, a $100 hotel credit, among other perks.","Worth knowing: WhataHotel's preferred rate includes free daily breakfast for two, priority for an upgrade at check-in when one is available, complimentary Wi-Fi, and a $100 credit at the hotel per stay, with a higher credit for suites. It can also be combined with the hotel's listed exclusive perks, subject to the terms of each offer."
"3109","Four Seasons Hotel at the Surf Club","four-seasons-surf-club","published","v1","high","says a $100 credit, but WhataHotel now shows conflicting credit amounts (amounts seen: 100, 200); says ""other perks"", which WhataHotel does not list (wording; goes with any re-voice)","credit: the perks table says $100 but WhataHotel also prints $200 as a credit amount; the credit is omitted until it is clear which applies. Excerpts: $200 cred","With the WhataHotel Preferred Rate, you get free breakfast for two daily, free Wi-Fi, a priority upgrade if available at check-in, a $100 hotel credit, among other perks.","With WhataHotel's preferred rate at this hotel, expect free breakfast for two every day, a priority upgrade when one is available at check-in, and free Wi-Fi. It can also be combined with the hotel's listed exclusive perks, subject to the terms of each offer."
"6552","Four Seasons Hotel Suzhou","four-seasons-suzhou","published","v1","medium","omits credit conditions: suites get $200; says ""other perks"", which WhataHotel does not list (wording; goes with any re-voice)","","With the WhataHotel Preferred Rate, you get free breakfast for two daily, free Wi-Fi, a priority upgrade if available at check-in, a $100 hotel credit, among other perks.","When you reserve with WhataHotel's preferred rate, you also get free Wi-Fi access, free breakfast for two every day, priority for an upgrade at check-in when one is available, and a $100 property credit, or $200 for suites. The hotel's listed exclusive perks can be combined with this preferred-rate offer, subject to each offer's terms."
"1166","Four Seasons Hotel Sydney","four-seasons-sydney","published","v2","medium","omits credit conditions: credit is per stay; suites get a higher credit; says ""other perks"", which WhataHotel does not list (wording; goes with any re-voice)","","With the WhataHotel Preferred Rate, you get free breakfast for two daily, free Wi-Fi, a priority upgrade if available at check-in, a $100 hotel credit, among other perks.","For this property, WhataHotel's preferred rate adds free Wi-Fi access, a priority upgrade when one is available at check-in, free breakfast for two every day, and a $100 credit at the hotel per stay, with a higher credit for suites. It can also be combined with the hotel's listed exclusive perks, subject to the terms of each offer."
"4746","Four Seasons Resort Tamarindo","four-seasons-tamarindo","published","v1","medium","omits credit conditions: suites get a higher credit; says ""other perks"", which WhataHotel does not list (wording; goes with any re-voice)","","With the WhataHotel Preferred Rate, you get free breakfast for two daily, free Wi-Fi, a priority upgrade if available at check-in, a $100 hotel credit, among other perks.","If you book through WhataHotel, the preferred rate comes with complimentary Wi-Fi, a priority upgrade when one is available at check-in, complimentary breakfast for two each day, and a $100 property credit, with a higher credit for suites. The hotel's listed exclusive perks can be combined with this preferred-rate offer, subject to each offer's terms."
"3359","San Domenico Palace, Taormina, A Four Seasons Hotel","four-seasons-taormina-san-domenico","published","v1","medium","omits credit conditions: suites get $200; says ""other perks"", which WhataHotel does not list (wording; goes with any re-voice)","","With the WhataHotel Preferred Rate, you get free breakfast for two daily, free Wi-Fi, a priority upgrade if available at check-in, a $100 hotel credit, among other perks.","Check WhataHotel for preferred rates here, which include free breakfast for two every day, complimentary Wi-Fi, priority for an upgrade at check-in when one is available, and a $100 hotel credit, or $200 for suites. The hotel's listed exclusive perks can be combined with this preferred-rate offer, subject to each offer's terms."
"3110","Four Seasons Hotel Tianjin","four-seasons-tianjin","published","v1","medium","omits credit conditions: suites get $200; says ""other perks"", which WhataHotel does not list (wording; goes with any re-voice)","","With the WhataHotel Preferred Rate, you get free breakfast for two daily, free Wi-Fi, a priority upgrade if available at check-in, a $100 hotel credit, among other perks.","One more thing: the WhataHotel preferred rate here brings a priority upgrade when one is available at check-in, free daily breakfast for two, complimentary Wi-Fi, and a $100 credit at the hotel, or $200 for suites. That preferred-rate offer can also be combined with the hotel's listed exclusive perks, subject to each offer's terms."
"1789","Four Seasons Hotel Tokyo at Marunouchi","four-seasons-tokyo-marunouchi","published","v1","medium","omits credit conditions: credit is per stay; suites get $200; says ""other perks"", which WhataHotel does not list (wording; goes with any re-voice)","","With the WhataHotel Preferred Rate, you get free breakfast for two daily, free Wi-Fi, a priority upgrade if available at check-in, a $100 hotel credit, among other perks.","With WhataHotel's preferred rate at this hotel, expect free breakfast for two every day, priority for an upgrade at check-in when one is available, complimentary Wi-Fi, and a $100 credit at the hotel per stay, or $200 for suites. That preferred-rate offer can also be combined with the hotel's listed exclusive perks, subject to each offer's terms."
"4077","Four Seasons Hotel Tokyo at Otemachi","four-seasons-tokyo-otemachi","published","v1","medium","omits credit conditions: credit is per stay; suites get $200; says ""other perks"", which WhataHotel does not list (wording; goes with any re-voice)","","With the WhataHotel Preferred Rate, you get free breakfast for two daily, free Wi-Fi, a priority upgrade if available at check-in, a $100 hotel credit, among other perks.","Look for the WhataHotel preferred rate, which brings complimentary Wi-Fi, a priority upgrade when one is available at check-in, complimentary daily breakfast for two, and a $100 credit at the hotel per stay, or $200 for suites. The hotel's listed exclusive perks can be combined with this preferred-rate offer, subject to each offer's terms."
"2595","Four Seasons Hotel Toronto","four-seasons-toronto","published","v1","medium","omits credit conditions: credit is per stay; suites get a higher credit; says ""other perks"", which WhataHotel does not list (wording; goes with any re-voice)","","With the WhataHotel Preferred Rate, you get free breakfast for two daily, free Wi-Fi, a priority upgrade if available at check-in, a $100 hotel credit, among other perks.","If you book through WhataHotel, the preferred rate comes with complimentary Wi-Fi, free breakfast for two every day, a priority upgrade when one is available at check-in, and a $100 credit at the hotel per stay, with a higher credit for suites. That preferred-rate offer can also be combined with the hotel's listed exclusive perks, subject to each offer's terms."
"3273","Four Seasons Hotel Tunis","four-seasons-tunis","published","v1","high","says a $100 credit, but WhataHotel now shows conflicting credit amounts (amounts seen: 100, 80, 200); says ""other perks"", which WhataHotel does not list (wording; goes with any re-voice)","credit: the perks table says $100 but WhataHotel also prints $80, $200 as a credit amount; the credit is omitted until it is clear which applies. Excerpts: sive","With the WhataHotel Preferred Rate, you get free breakfast for two daily, free Wi-Fi, a priority upgrade if available at check-in, a $100 hotel credit, among other perks.","When you reserve with WhataHotel's preferred rate, you also get free Wi-Fi access, priority for an upgrade at check-in when one is available, and free daily breakfast for two. The hotel's listed exclusive perks can be combined with this preferred-rate offer, subject to each offer's terms."
"2390","Four Seasons Resort Vail","four-seasons-vail","published","v1","high","says a $100 credit, but WhataHotel now shows conflicting credit amounts (amounts seen: 100, 750, 200, 500); says ""other perks"", which WhataHotel does not list (wording; goes with any re-voice)","credit: the perks table says $100 but WhataHotel also prints $750, $200, $500 as a credit amount; the credit is omitted until it is clear which applies. Excerpt","With the WhataHotel Preferred Rate, you get free breakfast for two daily, free Wi-Fi, a priority upgrade if available at check-in, a $100 hotel credit, among other perks.","For this property, WhataHotel's preferred rate adds complimentary daily breakfast for two, a priority upgrade when one is available at check-in, and free Wi-Fi. It can also be combined with the hotel's listed exclusive perks, subject to the terms of each offer."
"1486","Four Seasons Hotel Washington, DC","four-seasons-washington-dc","published","v1","medium","omits credit conditions: credit is per stay; suites get a higher credit; says ""other perks"", which WhataHotel does not list (wording; goes with any re-voice)","","With the WhataHotel Preferred Rate, you get free breakfast for two daily, free Wi-Fi, a priority upgrade if available at check-in, a $100 hotel credit, among other perks.","Book through WhataHotel's preferred rate and you'll get priority for an upgrade at check-in when one is available, free breakfast for two every day, free Wi-Fi, and a $100 property credit per stay, with a higher credit for suites. It can also be combined with the hotel's listed exclusive perks, subject to the terms of each offer."
"1790","Four Seasons Hotel Westlake Village","four-seasons-westlake-village","published","v1","high","says a $100 credit, but WhataHotel now shows conflicting credit amounts (amounts seen: 100, 200); says ""other perks"", which WhataHotel does not list (wording; goes with any re-voice)","credit: the perks table says $100 but WhataHotel also prints $200 as a credit amount; the credit is omitted until it is clear which applies. Excerpts: OR $200 P","With the WhataHotel Preferred Rate, you get free breakfast for two daily, free Wi-Fi, a priority upgrade if available at check-in, a $100 hotel credit, among other perks.","Check WhataHotel for preferred rates here, which include priority for an upgrade at check-in when one is available, free Wi-Fi access, and free daily breakfast for two. It can also be combined with the hotel's listed exclusive perks, subject to the terms of each offer."
"1354","Four Seasons Resort Whistler","four-seasons-whistler","published","v1","medium","omits credit conditions: credit is per stay; suites get a higher credit; says ""other perks"", which WhataHotel does not list (wording; goes with any re-voice)","","With the WhataHotel Preferred Rate, you get free breakfast for two daily, free Wi-Fi, a priority upgrade if available at check-in, a $100 hotel credit, among other perks.","With WhataHotel's preferred rate at this hotel, expect free daily breakfast for two, priority for an upgrade at check-in when one is available, complimentary Wi-Fi, and a $100 property credit per stay, with a higher credit for suites. The hotel's listed exclusive perks can be combined with this preferred-rate offer, subject to each offer's terms."
"1720","Il San Pietro di Positano","il-san-pietro-positano","published","v2","none","says ""other perks"", which WhataHotel does not list (wording; goes with any re-voice)","","With the WhataHotel Preferred Rate, you get free breakfast for two daily, free Wi-Fi, a priority upgrade if available at check-in, a $100 hotel credit, among other perks.","When you reserve with WhataHotel's preferred rate, you also get a $100 hotel credit, a priority upgrade when one is available at check-in, free breakfast for two every day, and complimentary Wi-Fi. That preferred-rate offer can also be combined with the hotel's listed exclusive perks, subject to each offer's terms."
"1045","Mandarin Oriental, Bangkok","mandarin-oriental-bangkok","published","v1","medium","omits credit conditions: credit only covers food and beverage or spa; suites get $200; says ""other perks"", which WhataHotel does not list (wording; goes with any re-voice)","combinable: the hotel page says combinable with the exclusive perks, but the chain page says it is decided per offer (""Generally, yes. Mandarin Oriental Fan Clu","Reserve the WhataHotel Preferred Rate to get free daily breakfast for two, free Wi-Fi, a priority upgrade if available at check-in, a $100 hotel credit, among other perks.","Look for the WhataHotel preferred rate, which brings complimentary breakfast for two each day, priority for an upgrade at check-in when one is available, complimentary Wi-Fi access, and a $100 food and beverage or spa credit, or $200 for suites."
"2355","Mandarin Oriental, Barcelona","mandarin-oriental-barcelona","published","v1","medium","omits credit conditions: credit only covers food and beverage or spa; suites get $200; says ""other perks"", which WhataHotel does not list (wording; goes with any re-voice)","combinable: the hotel page says combinable with the exclusive perks, but the chain page says it is decided per offer (""Generally, yes. Mandarin Oriental Fan Clu","Booking the WhataHotel Preferred Rate means free breakfast for two every day, free Wi-Fi, a priority upgrade if available at check-in, a $100 hotel credit, among other perks.","One more thing: the WhataHotel preferred rate here brings a priority upgrade when one is available at check-in, free Wi-Fi, free breakfast for two every day, and a $100 food and beverage or spa credit, or $200 for suites."
"7048","Mandarin Oriental Qianmen, Beijing","mandarin-oriental-beijing-qianmen","published","v1","medium","omits credit conditions: credit only covers food and beverage or spa; suites get $200; says ""other perks"", which WhataHotel does not list (wording; goes with any re-voice)","combinable: the hotel page says combinable with the exclusive perks, but the chain page says it is decided per offer (""Generally, yes. Mandarin Oriental Fan Clu","Book the WhataHotel Preferred Rate and enjoy free breakfast for two daily, free Wi-Fi, a priority upgrade when available at check-in, a $100 hotel credit, plus other perks.","For this property, WhataHotel's preferred rate adds complimentary Wi-Fi access, priority for an upgrade at check-in when one is available, free daily breakfast for two, and a $100 credit toward food and beverage or the spa, or $200 for suites."
"6092","Mandarin Oriental, Bodrum","mandarin-oriental-bodrum","published","v1","medium","omits credit conditions: credit only covers food and beverage or spa; suites get $200; says ""other perks"", which WhataHotel does not list (wording; goes with any re-voice)","combinable: the hotel page says combinable with the exclusive perks, but the chain page says it is decided per offer (""Generally, yes. Mandarin Oriental Fan Clu","Booking the WhataHotel Preferred Rate means free breakfast for two every day, free Wi-Fi, a priority upgrade if available at check-in, a $100 hotel credit, among other perks.","Check WhataHotel for preferred rates here, which include a priority upgrade when one is available at check-in, complimentary breakfast for two each day, free Wi-Fi, and $100 to spend on food and beverage or at the spa, or $200 for suites."
"2226","Mandarin Oriental Boston","mandarin-oriental-boston","published","v1","medium","omits credit conditions: credit only covers food and beverage or spa; suites get $200; says ""other perks"", which WhataHotel does not list (wording; goes with any re-voice)","combinable: the hotel page says combinable with the exclusive perks, but the chain page says it is decided per offer (""Generally, yes. Mandarin Oriental Fan Clu","Under the WhataHotel Preferred Rate, enjoy free breakfast for two every day, free Wi-Fi, a priority upgrade if available at check-in, a $100 hotel credit, among other perks.","If you book through WhataHotel, the preferred rate comes with complimentary breakfast for two each day, free Wi-Fi access, priority for an upgrade at check-in when one is available, and $100 to spend on food and beverage or at the spa, or $200 for suites."
"2545","Mandarin Oriental, Canouan","mandarin-oriental-canouan","published","v1","medium","omits credit conditions: credit only covers food and beverage or spa; suites get $200; says ""other perks"", which WhataHotel does not list (wording; goes with any re-voice)","combinable: the hotel page says combinable with the exclusive perks, but the chain page says it is decided per offer (""Generally, yes. Mandarin Oriental Fan Clu","Booking the WhataHotel Preferred Rate means free breakfast for two every day, free Wi-Fi, a priority upgrade if available at check-in, a $100 hotel credit, among other perks.","A priority upgrade when one is available at check-in, free breakfast for two every day, complimentary Wi-Fi, and $100 to spend on food and beverage or at the spa, or $200 for suites: that's what the WhataHotel preferred rate adds at this hotel."
"2772","Mandarin Oriental Conservatorium, Amsterdam","mandarin-oriental-conservatorium","published","v1","medium","omits credit conditions: credit only covers food and beverage or spa; suites get $200; says ""other perks"", which WhataHotel does not list (wording; goes with any re-voice)","combinable: the hotel page says combinable with the exclusive perks, but the chain page says it is decided per offer (""Generally, yes. Mandarin Oriental Fan Clu","Booking the WhataHotel Preferred Rate means free breakfast for two every day, free Wi-Fi, a priority upgrade if available at check-in, a $100 hotel credit, among other perks.","One more thing: the WhataHotel preferred rate here brings a priority upgrade when one is available at check-in, free Wi-Fi access, complimentary breakfast for two each day, and $100 to spend on food and beverage or at the spa, or $200 for suites."
"6543","Mandarin Oriental, Costa Navarino","mandarin-oriental-costa-navarino","published","v1","medium","omits credit conditions: credit only covers food and beverage or spa; suites get $200; says ""other perks"", which WhataHotel does not list (wording; goes with any re-voice)","combinable: the hotel page says combinable with the exclusive perks, but the chain page says it is decided per offer (""Generally, yes. Mandarin Oriental Fan Clu","With the WhataHotel Preferred Rate comes free breakfast for two each day, free Wi-Fi, a priority upgrade if available at check-in, a $100 hotel credit, and other perks.","For this property, WhataHotel's preferred rate adds free Wi-Fi access, complimentary daily breakfast for two, priority for an upgrade at check-in when one is available, and a $100 food and beverage or spa credit, or $200 for suites."
"7047","Mandarin Oriental, Desaru Coast","mandarin-oriental-desaru-coast","published","v1","medium","omits credit conditions: credit only covers food and beverage or spa; suites get $200; says ""other perks"", which WhataHotel does not list (wording; goes with any re-voice)","combinable: the hotel page says combinable with the exclusive perks, but the chain page says it is decided per offer (""Generally, yes. Mandarin Oriental Fan Clu","Choose the WhataHotel Preferred Rate for free breakfast for two daily, free Wi-Fi, a priority upgrade if available at check-in, a $100 hotel credit, and other perks besides.","Book through WhataHotel's preferred rate and you'll get free Wi-Fi, free breakfast for two every day, priority for an upgrade at check-in when one is available, and $100 to spend on food and beverage or at the spa, or $200 for suites."
"6203","Mandarin Oriental, Doha","mandarin-oriental-doha","published","v1","medium","omits credit conditions: credit only covers food and beverage or spa; suites get $200; says ""other perks"", which WhataHotel does not list (wording; goes with any re-voice)","combinable: the hotel page says combinable with the exclusive perks, but the chain page says it is decided per offer (""Generally, yes. Mandarin Oriental Fan Clu","With the WhataHotel Preferred Rate, you get free breakfast for two daily, free Wi-Fi, a priority upgrade if available at check-in, a $100 hotel credit, among other perks.","With WhataHotel's preferred rate at this hotel, expect free Wi-Fi access, free daily breakfast for two, a priority upgrade when one is available at check-in, and $100 to spend on food and beverage or at the spa, or $200 for suites."
"6964","Mandarin Oriental Downtown, Dubai","mandarin-oriental-downtown-dubai","published","v1","medium","omits credit conditions: credit only covers food and beverage or spa; suites get $200; says ""other perks"", which WhataHotel does not list (wording; goes with any re-voice)","combinable: the hotel page says combinable with the exclusive perks, but the chain page says it is decided per offer (""Generally, yes. Mandarin Oriental Fan Clu","Book the WhataHotel Preferred Rate and enjoy free breakfast for two daily, free Wi-Fi, a priority upgrade when available at check-in, a $100 hotel credit, plus other perks.","Worth knowing: WhataHotel's preferred rate includes complimentary Wi-Fi access, a priority upgrade when one is available at check-in, complimentary breakfast for two each day, and $100 to spend on food and beverage or at the spa, or $200 for suites."
"1436","Mandarin Oriental, Geneva","mandarin-oriental-geneva","published","v1","medium","omits credit conditions: credit only covers food and beverage or spa; suites get $200; says ""other perks"", which WhataHotel does not list (wording; goes with any re-voice)","combinable: the hotel page says combinable with the exclusive perks, but the chain page says it is decided per offer (""Generally, yes. Mandarin Oriental Fan Clu","Choose the WhataHotel Preferred Rate for free breakfast for two daily, free Wi-Fi, a priority upgrade if available at check-in, a $100 hotel credit, and other perks besides.","A priority upgrade when one is available at check-in, complimentary daily breakfast for two, complimentary Wi-Fi access, and a $100 food and beverage or spa credit, or $200 for suites: that's what the WhataHotel preferred rate adds at this hotel."
"6197","Mandarin Oriental Guangzhou","mandarin-oriental-guangzhou","published","v1","medium","omits credit conditions: credit only covers food and beverage or spa; suites get $200; says ""other perks"", which WhataHotel does not list (wording; goes with any re-voice)","combinable: the hotel page says combinable with the exclusive perks, but the chain page says it is decided per offer (""Generally, yes. Mandarin Oriental Fan Clu","With the WhataHotel Preferred Rate, you get free breakfast for two daily, free Wi-Fi, a priority upgrade if available at check-in, a $100 hotel credit, among other perks.","Check WhataHotel for preferred rates here, which include complimentary breakfast for two each day, a priority upgrade when one is available at check-in, free Wi-Fi access, and a $100 food and beverage or spa credit, or $200 for suites."
"949","Mandarin Oriental, Hong Kong","mandarin-oriental-hong-kong","published","v1","medium","omits credit conditions: credit only covers food and beverage or spa; suites get $200; says ""other perks"", which WhataHotel does not list (wording; goes with any re-voice)","combinable: the hotel page says combinable with the exclusive perks, but the chain page says it is decided per offer (""Generally, yes. Mandarin Oriental Fan Clu","Book the WhataHotel Preferred Rate and enjoy free breakfast for two daily, free Wi-Fi, a priority upgrade when available at check-in, a $100 hotel credit, plus other perks.","If you book through WhataHotel, the preferred rate comes with complimentary Wi-Fi, priority for an upgrade at check-in when one is available, free daily breakfast for two, and a $100 credit toward food and beverage or the spa, or $200 for suites."
"6210","Mandarin Oriental Istanbul","mandarin-oriental-istanbul","published","v1","medium","omits credit conditions: credit only covers food and beverage or spa; suites get $200; says ""other perks"", which WhataHotel does not list (wording; goes with any re-voice)","combinable: the hotel page says combinable with the exclusive perks, but the chain page says it is decided per offer (""Generally, yes. Mandarin Oriental Fan Clu","The WhataHotel Preferred Rate brings free daily breakfast for two, free Wi-Fi, a priority upgrade if available at check-in, a $100 hotel credit, and other perks as well.","Look for the WhataHotel preferred rate, which brings free Wi-Fi access, a priority upgrade when one is available at check-in, complimentary daily breakfast for two, and a $100 food and beverage or spa credit, or $200 for suites."
"6205","Mandarin Oriental, Jakarta","mandarin-oriental-jakarta","published","v1","medium","omits credit conditions: credit only covers food and beverage or spa; suites get $200; says ""other perks"", which WhataHotel does not list (wording; goes with any re-voice)","combinable: the hotel page says combinable with the exclusive perks, but the chain page says it is decided per offer (""Generally, yes. Mandarin Oriental Fan Clu","With the WhataHotel Preferred Rate comes free breakfast for two each day, free Wi-Fi, a priority upgrade if available at check-in, a $100 hotel credit, and other perks.","One more thing: the WhataHotel preferred rate here brings complimentary daily breakfast for two, free Wi-Fi access, priority for an upgrade at check-in when one is available, and $100 to spend on food and beverage or at the spa, or $200 for suites."
"6201","Mandarin Oriental Jumeirah, Dubai","mandarin-oriental-jumeirah-dubai","published","v1","medium","omits credit conditions: credit only covers food and beverage or spa; suites get $200; says ""other perks"", which WhataHotel does not list (wording; goes with any re-voice)","combinable: the hotel page says combinable with the exclusive perks, but the chain page says it is decided per offer (""Generally, yes. Mandarin Oriental Fan Clu","The WhataHotel Preferred Rate brings free daily breakfast for two, free Wi-Fi, a priority upgrade if available at check-in, a $100 hotel credit, and other perks as well.","When you reserve with WhataHotel's preferred rate, you also get a priority upgrade when one is available at check-in, free Wi-Fi, complimentary breakfast for two each day, and a $100 food and beverage or spa credit, or $200 for suites."
"1903","Mandarin Oriental, Kuala Lumpur","mandarin-oriental-kuala-lumpur","published","v1","medium","omits credit conditions: credit only covers food and beverage or spa; says ""other perks"", which WhataHotel does not list (wording; goes with any re-voice)","combinable: the hotel page says combinable with the exclusive perks, but the chain page says it is decided per offer (""Generally, yes. Mandarin Oriental Fan Clu","Book the WhataHotel Preferred Rate and enjoy free breakfast for two daily, free Wi-Fi, a priority upgrade when available at check-in, a $100 hotel credit, plus other perks.","With WhataHotel's preferred rate at this hotel, expect free Wi-Fi access, $100 to spend on food and beverage or at the spa, complimentary daily breakfast for two, and priority for a room upgrade at check-in, subject to availability."
"3705","Mandarin Oriental, Lago di Como","mandarin-oriental-lago-di-como","published","v1","medium","omits credit conditions: credit only covers food and beverage or spa; suites get $200; says ""other perks"", which WhataHotel does not list (wording; goes with any re-voice)","combinable: the hotel page says combinable with the exclusive perks, but the chain page says it is decided per offer (""Generally, yes. Mandarin Oriental Fan Clu","The WhataHotel Preferred Rate brings free daily breakfast for two, free Wi-Fi, a priority upgrade if available at check-in, a $100 hotel credit, and other perks as well.","Book through WhataHotel's preferred rate and you'll get free daily breakfast for two, complimentary Wi-Fi, a priority upgrade when one is available at check-in, and a $100 food and beverage or spa credit, or $200 for suites."
"1654","The Landmark Mandarin Oriental","mandarin-oriental-landmark","published","v1","medium","omits credit conditions: credit only covers food and beverage or spa; suites get $200; says ""other perks"", which WhataHotel does not list (wording; goes with any re-voice)","combinable: the hotel page says combinable with the exclusive perks, but the chain page says it is decided per offer (""Generally, yes. Mandarin Oriental Fan Clu","Booking the WhataHotel Preferred Rate means free breakfast for two every day, free Wi-Fi, a priority upgrade if available at check-in, a $100 hotel credit, among other perks.","Check WhataHotel for preferred rates here, which include free breakfast for two every day, free Wi-Fi access, a priority upgrade when one is available at check-in, and $100 to spend on food and beverage or at the spa, or $200 for suites."
"1104","Mandarin Oriental Hyde Park, London","mandarin-oriental-london","published","v1","medium","omits credit conditions: credit only covers food and beverage or spa; suites get $200; says ""other perks"", which WhataHotel does not list (wording; goes with any re-voice)","combinable: the hotel page says combinable with the exclusive perks, but the chain page says it is decided per offer (""Generally, yes. Mandarin Oriental Fan Clu","Choose the WhataHotel Preferred Rate for free breakfast for two daily, free Wi-Fi, a priority upgrade if available at check-in, a $100 hotel credit, and other perks besides.","Worth knowing: WhataHotel's preferred rate includes free Wi-Fi, complimentary daily breakfast for two, priority for an upgrade at check-in when one is available, and a $100 credit toward food and beverage or the spa, or $200 for suites."
"1006","Mandarin Oriental Lutetia Paris","mandarin-oriental-lutetia-paris","published","v1","medium","omits credit conditions: credit only covers food and beverage or spa; suites get $200; says ""other perks"", which WhataHotel does not list (wording; goes with any re-voice)","combinable: the hotel page says combinable with the exclusive perks, but the chain page says it is decided per offer (""Generally, yes. Mandarin Oriental Fan Clu","Under the WhataHotel Preferred Rate, enjoy free breakfast for two every day, free Wi-Fi, a priority upgrade if available at check-in, a $100 hotel credit, among other perks.","For this property, WhataHotel's preferred rate adds complimentary daily breakfast for two, a priority upgrade when one is available at check-in, complimentary Wi-Fi, and $100 to spend on food and beverage or at the spa, or $200 for suites."
"2469","Mandarin Oriental, Macau","mandarin-oriental-macau","published","v1","medium","omits credit conditions: credit only covers food and beverage or spa; suites get $200; says ""other perks"", which WhataHotel does not list (wording; goes with any re-voice)","combinable: the hotel page says combinable with the exclusive perks, but the chain page says it is decided per offer (""Generally, yes. Mandarin Oriental Fan Clu","Booking the WhataHotel Preferred Rate means free breakfast for two every day, free Wi-Fi, a priority upgrade if available at check-in, a $100 hotel credit, among other perks.","One more thing: the WhataHotel preferred rate here brings free daily breakfast for two, a priority upgrade when one is available at check-in, complimentary Wi-Fi access, and $100 to spend on food and beverage or at the spa, or $200 for suites."
"6194","Mandarin Oriental, Marrakech","mandarin-oriental-marrakech","published","v1","medium","omits credit conditions: credit only covers food and beverage or spa; suites get $200; says ""other perks"", which WhataHotel does not list (wording; goes with any re-voice)","combinable: the hotel page says combinable with the exclusive perks, but the chain page says it is decided per offer (""Generally, yes. Mandarin Oriental Fan Clu","With the WhataHotel Preferred Rate, you get free breakfast for two daily, free Wi-Fi, a priority upgrade if available at check-in, a $100 hotel credit, among other perks.","Look for the WhataHotel preferred rate, which brings complimentary breakfast for two each day, priority for an upgrade at check-in when one is available, free Wi-Fi, and $100 to spend on food and beverage or at the spa, or $200 for suites."
"7046","Mandarin Oriental Mayfair, London","mandarin-oriental-mayfair-london","published","v1","medium","omits credit conditions: credit only covers food and beverage or spa; suites get $200; says ""other perks"", which WhataHotel does not list (wording; goes with any re-voice)","combinable: the hotel page says combinable with the exclusive perks, but the chain page says it is decided per offer (""Generally, yes. Mandarin Oriental Fan Clu","Under the WhataHotel Preferred Rate, enjoy free breakfast for two every day, free Wi-Fi, a priority upgrade if available at check-in, a $100 hotel credit, among other perks.","Check WhataHotel for preferred rates here, which include free breakfast for two every day, a priority upgrade when one is available at check-in, free Wi-Fi access, and $100 to spend on food and beverage or at the spa, or $200 for suites."
"2979","Mandarin Oriental, Milan","mandarin-oriental-milan","published","v1","medium","omits credit conditions: credit only covers food and beverage or spa; suites get $200; says ""other perks"", which WhataHotel does not list (wording; goes with any re-voice)","combinable: the hotel page says combinable with the exclusive perks, but the chain page says it is decided per offer (""Generally, yes. Mandarin Oriental Fan Clu","Book the WhataHotel Preferred Rate and enjoy free breakfast for two daily, free Wi-Fi, a priority upgrade when available at check-in, a $100 hotel credit, plus other perks.","With WhataHotel's preferred rate at this hotel, expect free daily breakfast for two, priority for an upgrade at check-in when one is available, complimentary Wi-Fi, and a $100 food and beverage or spa credit, or $200 for suites."
"1435","Mandarin Oriental, Munich","mandarin-oriental-munich","published","v1","medium","omits credit conditions: credit only covers food and beverage or spa; suites get $200; says ""other perks"", which WhataHotel does not list (wording; goes with any re-voice)","combinable: the hotel page says combinable with the exclusive perks, but the chain page says it is decided per offer (""Generally, yes. Mandarin Oriental Fan Clu","Choose the WhataHotel Preferred Rate for free breakfast for two daily, free Wi-Fi, a priority upgrade if available at check-in, a $100 hotel credit, and other perks besides.","Free breakfast for two every day, complimentary Wi-Fi, priority for an upgrade at check-in when one is available, and a $100 credit toward food and beverage or the spa, or $200 for suites: that's what the WhataHotel preferred rate adds at this hotel."
"6736","Mandarin Oriental, Muscat","mandarin-oriental-muscat","published","v1","medium","omits credit conditions: credit only covers food and beverage or spa; suites get $200; says ""other perks"", which WhataHotel does not list (wording; goes with any re-voice)","combinable: the hotel page says combinable with the exclusive perks, but the chain page says it is decided per offer (""Generally, yes. Mandarin Oriental Fan Clu","Booking the WhataHotel Preferred Rate means free breakfast for two every day, free Wi-Fi, a priority upgrade if available at check-in, a $100 hotel credit, among other perks.","When you reserve with WhataHotel's preferred rate, you also get complimentary Wi-Fi access, a priority upgrade when one is available at check-in, free breakfast for two every day, and a $100 food and beverage or spa credit, or $200 for suites."
"1323","Mandarin Oriental, New York","mandarin-oriental-new-york","published","v1","medium","omits credit conditions: credit only covers food and beverage or spa; suites get $200; says ""other perks"", which WhataHotel does not list (wording; goes with any re-voice)","combinable: the hotel page says combinable with the exclusive perks, but the chain page says it is decided per offer (""Generally, yes. Mandarin Oriental Fan Clu","Reserve the WhataHotel Preferred Rate to get free daily breakfast for two, free Wi-Fi, a priority upgrade if available at check-in, a $100 hotel credit, among other perks.","Worth knowing: WhataHotel's preferred rate includes priority for an upgrade at check-in when one is available, complimentary daily breakfast for two, complimentary Wi-Fi, and a $100 credit toward food and beverage or the spa, or $200 for suites."
"6372","Mandarin Oriental Palace, Luzern","mandarin-oriental-palace-luzern","published","v1","medium","omits credit conditions: credit only covers food and beverage or spa; suites get $200; says ""other perks"", which WhataHotel does not list (wording; goes with any re-voice)","combinable: the hotel page says combinable with the exclusive perks, but the chain page says it is decided per offer (""Generally, yes. Mandarin Oriental Fan Clu","Choose the WhataHotel Preferred Rate for free breakfast for two daily, free Wi-Fi, a priority upgrade if available at check-in, a $100 hotel credit, and other perks besides.","Look for the WhataHotel preferred rate, which brings free Wi-Fi access, complimentary daily breakfast for two, a priority upgrade when one is available at check-in, and $100 to spend on food and beverage or at the spa, or $200 for suites."
"2525","Mandarin Oriental, Paris","mandarin-oriental-paris","published","v1","medium","omits credit conditions: credit only covers food and beverage or spa; suites get $200; says ""other perks"", which WhataHotel does not list (wording; goes with any re-voice)","combinable: the hotel page says combinable with the exclusive perks, but the chain page says it is decided per offer (""Generally, yes. Mandarin Oriental Fan Clu","Booking the WhataHotel Preferred Rate means free breakfast for two every day, free Wi-Fi, a priority upgrade if available at check-in, a $100 hotel credit, among other perks.","Check WhataHotel for preferred rates here, which include complimentary Wi-Fi access, a priority upgrade when one is available at check-in, complimentary daily breakfast for two, and a $100 credit toward food and beverage or the spa, or $200 for suites."
"1671","Mandarin Oriental, Prague","mandarin-oriental-prague","published","v1","medium","omits credit conditions: credit only covers food and beverage or spa; suites get $200; says ""other perks"", which WhataHotel does not list (wording; goes with any re-voice)","combinable: the hotel page says combinable with the exclusive perks, but the chain page says it is decided per offer (""Generally, yes. Mandarin Oriental Fan Clu","Choose the WhataHotel Preferred Rate for free breakfast for two daily, free Wi-Fi, a priority upgrade if available at check-in, a $100 hotel credit, and other perks besides.","With WhataHotel's preferred rate at this hotel, expect complimentary Wi-Fi, free daily breakfast for two, a priority upgrade when one is available at check-in, and $100 to spend on food and beverage or at the spa, or $200 for suites."
"6195","Mandarin Oriental Pudong, Shanghai","mandarin-oriental-pudong-shanghai","published","v1","medium","omits credit conditions: credit only covers food and beverage or spa; suites get $200; says ""other perks"", which WhataHotel does not list (wording; goes with any re-voice)","combinable: the hotel page says combinable with the exclusive perks, but the chain page says it is decided per offer (""Generally, yes. Mandarin Oriental Fan Clu","With the WhataHotel Preferred Rate, you get free breakfast for two daily, free Wi-Fi, a priority upgrade if available at check-in, a $100 hotel credit, among other perks.","One more thing: the WhataHotel preferred rate here brings free breakfast for two every day, a priority upgrade when one is available at check-in, free Wi-Fi access, and a $100 food and beverage or spa credit, or $200 for suites."
"7032","Mandarin Oriental Punta Negra, Mallorca","mandarin-oriental-punta-negra-mallorca","published","v1","medium","omits credit conditions: credit only covers food and beverage or spa; suites get $200; says ""other perks"", which WhataHotel does not list (wording; goes with any re-voice)","combinable: the hotel page says combinable with the exclusive perks, but the chain page says it is decided per offer (""Generally, yes. Mandarin Oriental Fan Clu","With the WhataHotel Preferred Rate comes free breakfast for two each day, free Wi-Fi, a priority upgrade if available at check-in, a $100 hotel credit, and other perks.","Worth knowing: WhataHotel's preferred rate includes complimentary daily breakfast for two, a priority upgrade when one is available at check-in, complimentary Wi-Fi, and a $100 credit toward food and beverage or the spa, or $200 for suites."
"1074","Mandarin Oriental Ritz, Madrid","mandarin-oriental-ritz-madrid","published","v1","medium","omits credit conditions: credit only covers food and beverage or spa; suites get $200; says ""other perks"", which WhataHotel does not list (wording; goes with any re-voice)","combinable: the hotel page says combinable with the exclusive perks, but the chain page says it is decided per offer (""Generally, yes. Mandarin Oriental Fan Clu","With the WhataHotel Preferred Rate comes free breakfast for two each day, free Wi-Fi, a priority upgrade if available at check-in, a $100 hotel credit, and other perks.","When you reserve with WhataHotel's preferred rate, you also get priority for an upgrade at check-in when one is available, free Wi-Fi, complimentary daily breakfast for two, and a $100 credit toward food and beverage or the spa, or $200 for suites."
"2044","Mandarin Oriental, Santiago","mandarin-oriental-santiago","published","v1","medium","omits credit conditions: credit only covers food and beverage or spa; suites get $200; says ""other perks"", which WhataHotel does not list (wording; goes with any re-voice)","combinable: the hotel page says combinable with the exclusive perks, but the chain page says it is decided per offer (""Generally, yes. Mandarin Oriental Fan Clu","With the WhataHotel Preferred Rate, you get free breakfast for two daily, free Wi-Fi, a priority upgrade if available at check-in, a $100 hotel credit, among other perks.","Book through WhataHotel's preferred rate and you'll get priority for an upgrade at check-in when one is available, complimentary daily breakfast for two, free Wi-Fi access, and $100 to spend on food and beverage or at the spa, or $200 for suites."
"6206","Mandarin Oriental, Sanya","mandarin-oriental-sanya","published","v1","medium","omits credit conditions: credit only covers food and beverage or spa; suites get $200; says ""other perks"", which WhataHotel does not list (wording; goes with any re-voice)","combinable: the hotel page says combinable with the exclusive perks, but the chain page says it is decided per offer (""Generally, yes. Mandarin Oriental Fan Clu","Choose the WhataHotel Preferred Rate for free breakfast for two daily, free Wi-Fi, a priority upgrade if available at check-in, a $100 hotel credit, and other perks besides.","With WhataHotel's preferred rate at this hotel, expect free Wi-Fi, priority for an upgrade at check-in when one is available, complimentary daily breakfast for two, and a $100 credit toward food and beverage or the spa, or $200 for suites."
"6816","Mandarin Oriental Savoy, Zurich","mandarin-oriental-savoy-zurich","published","v1","medium","omits credit conditions: credit only covers food and beverage or spa; suites get $200; says ""other perks"", which WhataHotel does not list (wording; goes with any re-voice)","combinable: the hotel page says combinable with the exclusive perks, but the chain page says it is decided per offer (""Generally, yes. Mandarin Oriental Fan Clu","Under the WhataHotel Preferred Rate, enjoy free breakfast for two every day, free Wi-Fi, a priority upgrade if available at check-in, a $100 hotel credit, among other perks.","For this property, WhataHotel's preferred rate adds complimentary daily breakfast for two, priority for an upgrade at check-in when one is available, complimentary Wi-Fi access, and a $100 food and beverage or spa credit, or $200 for suites."
"7049","Mandarin Oriental Shenzhen","mandarin-oriental-shenzhen","published","v1","medium","omits credit conditions: credit only covers food and beverage or spa; suites get $200; says ""other perks"", which WhataHotel does not list (wording; goes with any re-voice)","combinable: the hotel page says combinable with the exclusive perks, but the chain page says it is decided per offer (""Generally, yes. Mandarin Oriental Fan Clu","Under the WhataHotel Preferred Rate, enjoy free breakfast for two every day, free Wi-Fi, a priority upgrade if available at check-in, a $100 hotel credit, among other perks.","Worth knowing: WhataHotel's preferred rate includes complimentary breakfast for two each day, complimentary Wi-Fi, a priority upgrade when one is available at check-in, and a $100 food and beverage or spa credit, or $200 for suites."
"6476","Mandarin Oriental, Singapore","mandarin-oriental-singapore","published","v1","medium","omits credit conditions: credit only covers food and beverage or spa; suites get $200; says ""other perks"", which WhataHotel does not list (wording; goes with any re-voice)","combinable: the hotel page says combinable with the exclusive perks, but the chain page says it is decided per offer (""Generally, yes. Mandarin Oriental Fan Clu","With the WhataHotel Preferred Rate, you get free breakfast for two daily, free Wi-Fi, a priority upgrade if available at check-in, a $100 hotel credit, among other perks.","Check WhataHotel for preferred rates here, which include complimentary Wi-Fi access, complimentary breakfast for two each day, priority for an upgrade at check-in when one is available, and $100 to spend on food and beverage or at the spa, or $200 for suites."
"6198","Mandarin Oriental, Taipei","mandarin-oriental-taipei","published","v1","medium","omits credit conditions: credit only covers food and beverage or spa; suites get $200; says ""other perks"", which WhataHotel does not list (wording; goes with any re-voice)","combinable: the hotel page says combinable with the exclusive perks, but the chain page says it is decided per offer (""Generally, yes. Mandarin Oriental Fan Clu","Choose the WhataHotel Preferred Rate for free breakfast for two daily, free Wi-Fi, a priority upgrade if available at check-in, a $100 hotel credit, and other perks besides.","Look for the WhataHotel preferred rate, which brings free breakfast for two every day, free Wi-Fi access, a priority upgrade when one is available at check-in, and $100 to spend on food and beverage or at the spa, or $200 for suites."
"1683","Mandarin Oriental, Tokyo","mandarin-oriental-tokyo","published","v1","medium","omits credit conditions: credit only covers food and beverage or spa; suites get $200; says ""other perks"", which WhataHotel does not list (wording; goes with any re-voice)","combinable: the hotel page says combinable with the exclusive perks, but the chain page says it is decided per offer (""Generally, yes. Mandarin Oriental Fan Clu","The WhataHotel Preferred Rate brings free daily breakfast for two, free Wi-Fi, a priority upgrade if available at check-in, a $100 hotel credit, and other perks as well.","One more thing: the WhataHotel preferred rate here brings priority for an upgrade at check-in when one is available, free Wi-Fi access, complimentary daily breakfast for two, and a $100 food and beverage or spa credit, or $200 for suites."
"6938","Mandarin Oriental Vienna","mandarin-oriental-vienna","published","v1","medium","omits credit conditions: credit only covers food and beverage or spa; suites get $200; says ""other perks"", which WhataHotel does not list (wording; goes with any re-voice)","combinable: the hotel page says combinable with the exclusive perks, but the chain page says it is decided per offer (""Generally, yes. Mandarin Oriental Fan Clu","Booking the WhataHotel Preferred Rate means free breakfast for two every day, free Wi-Fi, a priority upgrade if available at check-in, a $100 hotel credit, among other perks.","Complimentary breakfast for two each day, complimentary Wi-Fi access, a priority upgrade when one is available at check-in, and $100 to spend on food and beverage or at the spa, or $200 for suites: that's what the WhataHotel preferred rate adds at this hotel."
"6196","Mandarin Oriental Wangfujing, Beijing","mandarin-oriental-wangfujing-beijing","published","v1","medium","omits credit conditions: credit only covers food and beverage or spa; suites get $200; says ""other perks"", which WhataHotel does not list (wording; goes with any re-voice)","combinable: the hotel page says combinable with the exclusive perks, but the chain page says it is decided per offer (""Generally, yes. Mandarin Oriental Fan Clu","With the WhataHotel Preferred Rate, you get free breakfast for two daily, free Wi-Fi, a priority upgrade if available at check-in, a $100 hotel credit, among other perks.","When you reserve with WhataHotel's preferred rate, you also get priority for an upgrade at check-in when one is available, complimentary Wi-Fi, free daily breakfast for two, and a $100 credit toward food and beverage or the spa, or $200 for suites."
"1887","The Peninsula Tokyo","peninsula-tokyo","published","v2","medium","omits credit conditions: credit only covers food and beverage or spa; suites get $200; says ""other perks"", which WhataHotel does not list (wording; goes with any re-voice)","","With the WhataHotel Preferred Rate, you get free breakfast for two daily, free Wi-Fi, a priority upgrade if available at check-in, a $100 hotel credit, among other perks.","Check WhataHotel for preferred rates here, which include free Wi-Fi, free breakfast for two every day, a priority upgrade when one is available at check-in, and a $100 food and beverage or spa credit, or $200 for suites. The hotel's listed exclusive perks can be combined with this preferred-rate offer, subject to each offer's terms."
"6935","The Sireya Desaru Coast","the-sireya-desaru-coast","not generated (held)","","none","Held: same property as Mandarin Oriental, Desaru Coast, which is published (see docs/held-hotels.md)","","","Book through WhataHotel's preferred rate and you'll get complimentary Wi-Fi, free daily breakfast for two, priority for an upgrade at check-in when one is available, and a $100 hotel credit, or $200 for suites. That preferred-rate offer can also be combined with the hotel's listed exclusive perks, subject to each offer's terms."
